source_stop,destination_stop,fare
Attiguppe,Baiyappanahalli,40
Attiguppe,Banashankari,38
Attiguppe,Chickpete,22
Attiguppe,Cubbon Park (Sri Chamarajendra Park),28
Attiguppe,Dasarahalli,45
Attiguppe,Deepanjali Nagara,10
Attiguppe,Doddakallasandra,45
Attiguppe,"Dr BR Ambedkar Station, Vidhana Soudha",25
Attiguppe,Goraguntepalya,38
Attiguppe,Halasuru,35
Attiguppe,Indiranagar,35
Attiguppe,Jalahalli,45
Attiguppe,Jaya Prakash Nagar,40
Attiguppe,Jayanagar,35
Attiguppe,Jnanabharathi,20
Attiguppe,Kengeri,28
Attiguppe,Kengeri Bus Terminal,25
Attiguppe,Konankunte Cross,45
Attiguppe,City Railway Station,18
Attiguppe,Krishna Rajendra Market,25
Attiguppe,Lalbagh Botanical Garden,30
Attiguppe,Magadi Road,15
Attiguppe,Mahakavi Kuvempu Road,28
Attiguppe,Mahalakshmi,30
Attiguppe,MG Road,30
Attiguppe,Mysuru Road,15
Attiguppe,Majestic,20
Attiguppe,Nagasandra,50
Attiguppe,National College,28
Attiguppe,Nayandahalli,15
Attiguppe,Nayandahalli,15
Attiguppe,Peenya,40
Attiguppe,Peenya Industry,42
Attiguppe,Rajaji Nagar,30
Attiguppe,Rajarajeshwari Nagara,18
Attiguppe,Rashtreeya Vidyalaya Road,35
Attiguppe,Sampige Road,22
Attiguppe,Sandal Soap Factory,35
Attiguppe,Silk Institute,52
Attiguppe,Central College,22
Attiguppe,South End Circle,30
Attiguppe,Hosahalli,15
Attiguppe,Srirampura,25
Attiguppe,Swami Vivekananda Road,38
Attiguppe,Talaghattapura,50
Attiguppe,Trinity,30
Attiguppe,Vajarahalli,50
Attiguppe,Vijayanagara,10
Attiguppe,Yelachenahalli,42
Attiguppe,Yeshwanthpur,35
Baiyappanahalli,Attiguppe,40
Baiyappanahalli,Banashankari,45
Baiyappanahalli,Chickpete,30
Baiyappanahalli,Cubbon Park (Sri Chamarajendra Park),22
Baiyappanahalli,Dasarahalli,55
Baiyappanahalli,Deepanjali Nagara,42
Baiyappanahalli,Doddakallasandra,55
Baiyappanahalli,"Dr BR Ambedkar Station, Vidhana Soudha",25
Baiyappanahalli,Goraguntepalya,45
Baiyappanahalli,Halasuru,15
Baiyappanahalli,Indiranagar,15
Baiyappanahalli,Jalahalli,52
Baiyappanahalli,Jaya Prakash Nagar,50
Baiyappanahalli,Jayanagar,42
Baiyappanahalli,Jnanabharathi,50
Baiyappanahalli,Kengeri,58
Baiyappanahalli,Kengeri Bus Terminal,55
Baiyappanahalli,Konankunte Cross,52
Baiyappanahalli,City Railway Station,30
Baiyappanahalli,Krishna Rajendra Market,35
Baiyappanahalli,Lalbagh Botanical Garden,38
Baiyappanahalli,Magadi Road,35
Baiyappanahalli,Mahakavi Kuvempu Road,35
Baiyappanahalli,Mahalakshmi,40
Baiyappanahalli,MG Road,20
Baiyappanahalli,Mysuru Road,45
Baiyappanahalli,Majestic,30
Baiyappanahalli,Nagasandra,58
Baiyappanahalli,National College,35
Baiyappanahalli,Nayandahalli,45
Baiyappanahalli,Pattanagere,52
Baiyappanahalli,Peenya,50
Baiyappanahalli,Peenya Industry,50
Baiyappanahalli,Rajaji Nagar,38
Baiyappanahalli,Rajarajeshwari Nagara,50
Baiyappanahalli,Rashtreeya Vidyalaya Road,45
Baiyappanahalli,Sampige Road,30
Baiyappanahalli,Sandal Soap Factory,42
Baiyappanahalli,Silk Institute,60
Baiyappanahalli,Central College,28
Baiyappanahalli,Kengeri,58
Baiyappanahalli,Hosahalli,35
Baiyappanahalli,Srirampura,35
Baiyappanahalli,Swami Vivekananda Road,10
Baiyappanahalli,Talaghattapura,60
Baiyappanahalli,Trinity,18
Baiyappanahalli,Vajarahalli,58
Baiyappanahalli,Vijayanagara,38
Baiyappanahalli,Yelachenahalli,50
Baiyappanahalli,Yeshwanthpur,45
Banashankari,Attiguppe,38
Banashankari,Baiyappanahalli,45
Banashankari,Chickpete,25
Banashankari,Cubbon Park (Sri Chamarajendra Park),35
Banashankari,Dasarahalli,52
Banashankari,Deepanjali Nagara,40
Banashankari,Doddakallasandra,18
Banashankari,"Dr BR Ambedkar Station, Vidhana Soudha",30
Banashankari,Goraguntepalya,45
Banashankari,Halasuru,40
Banashankari,Indiranagar,42
Banashankari,Jalahalli,50
Banashankari,Jaya Prakash Nagar,10
Banashankari,Jayanagar,15
Banashankari,Jnanabharathi,50
Banashankari,Kengeri,55
Banashankari,Kengeri Bus Terminal,52
Banashankari,Konankunte Cross,15
Banashankari,City Railway Station,30
Banashankari,Krishna Rajendra Market,22
Banashankari,Lalbagh Botanical Garden,18
Banashankari,Magadi Road,30
Banashankari,Mahakavi Kuvempu Road,35
Banashankari,Mahalakshmi,38
Banashankari,MG Road,35
Banashankari,Mysuru Road,42
Banashankari,Majestic,28
Banashankari,Nagasandra,55
Banashankari,National College,20
Banashankari,Nayandahalli,45
Banashankari,Pattanagere,50
Banashankari,Peenya,45
Banashankari,Peenya Industry,50
Banashankari,Rajaji Nagar,35
Banashankari,Rajarajeshwari Nagara,45
Banashankari,Rashtreeya Vidyalaya Road,10
Banashankari,Sampige Road,30
Banashankari,Sandal Soap Factory,40
Banashankari,Silk Institute,25
Banashankari,Central College,30
Banashankari,South End Circle,15
Banashankari,Hosahalli,35
Banashankari,Srirampura,30
Banashankari,Swami Vivekananda Road,45
Banashankari,Talaghattapura,22
Banashankari,Trinity,38
Banashankari,Vajarahalli,20
Banashankari,Vijayanagara,35
Banashankari,Yelachenahalli,15
Banashankari,Yeshwanthpur,42
Chickpete,Attiguppe,22
Chickpete,Baiyappanahalli,30
Chickpete,Banashankari,25
Chickpete,Cubbon Park (Sri Chamarajendra Park),18
Chickpete,Dasarahalli,38
Chickpete,Deepanjali Nagara,25
Chickpete,Doddakallasandra,35
Chickpete,"Dr BR Ambedkar Station, Vidhana Soudha",15
Chickpete,Goraguntepalya,30
Chickpete,Halasuru,25
Chickpete,Indiranagar,28
Chickpete,Jalahalli,35
Chickpete,Jaya Prakash Nagar,28
Chickpete,Jayanagar,20
Chickpete,Jnanabharathi,35
Chickpete,Kengeri,40
Chickpete,Kengeri Bus Terminal,38
Chickpete,Konankunte Cross,20
Chickpete,City Railway Station,15
Chickpete,Krishna Rajendra Market,10
Chickpete,Lalbagh Botanical Garden,15
Chickpete,Magadi Road,15
Chickpete,Mahakavi Kuvempu Road,18
Chickpete,Mahalakshmi,22
Chickpete,MG Road,20
Chickpete,Mysuru Road,28
Chickpete,Majestic,10
Chickpete,Nagasandra,40
Chickpete,National College,15
Chickpete,Nayandahalli,30
Chickpete,Pattanagere,35
Chickpete,Peenya,30
Chickpete,Peenya Industry,35
Chickpete,Rajaji Nagar,20
Chickpete,Rajarajeshwari Nagara,30
Chickpete,Rashtreeya Vidyalaya Road,22
Chickpete,Sampige Road,15
Chickpete,Sandal Soap Factory,25
Chickpete,Silk Institute,40
Chickpete,Central College,15
Chickpete,South End Circle,18
Chickpete,Hosahalli,18
Chickpete,Srirampura,15
Chickpete,Swami Vivekananda Road,30
Chickpete,Talaghattapura,38
Chickpete,Trinity,22
Chickpete,Vajarahalli,35
Chickpete,Vijayanagara,20
Chickpete,Yelachenahalli,30
Chickpete,Yeshwanthpur,28
Cubbon Park (Sri Chamarajendra Park),Attiguppe,28
Cubbon Park (Sri Chamarajendra Park),Baiyappanahalli,22
Cubbon Park (Sri Chamarajendra Park),Banashankari,35
Cubbon Park (Sri Chamarajendra Park),Chickpete,18
Cubbon Park (Sri Chamarajendra Park),Dasarahalli,42
Cubbon Park (Sri Chamarajendra Park),Deepanjali Nagara,30
Cubbon Park (Sri Chamarajendra Park),Doddakallasandra,42
Cubbon Park (Sri Chamarajendra Park),"Dr BR Ambedkar Station, Vidhana Soudha",10
Cubbon Park (Sri Chamarajendra Park),Goraguntepalya,35
Cubbon Park (Sri Chamarajendra Park),Halasuru,15
Cubbon Park (Sri Chamarajendra Park),Indiranagar,18
Cubbon Park (Sri Chamarajendra Park),Jalahalli,40
Cubbon Park (Sri Chamarajendra Park),Jaya Prakash Nagar,35
Cubbon Park (Sri Chamarajendra Park),Jayanagar,30
Cubbon Park (Sri Chamarajendra Park),Jnanabharathi,38
Cubbon Park (Sri Chamarajendra Park),Kengeri,45
Cubbon Park (Sri Chamarajendra Park),Kengeri Bus Terminal,42
Cubbon Park (Sri Chamarajendra Park),Konankunte Cross,40
Cubbon Park (Sri Chamarajendra Park),City Railway Station,18
Cubbon Park (Sri Chamarajendra Park),Krishna Rajendra Market,20
Cubbon Park (Sri Chamarajendra Park),Lalbagh Botanical Garden,25
Cubbon Park (Sri Chamarajendra Park),Magadi Road,20
Cubbon Park (Sri Chamarajendra Park),Mahakavi Kuvempu Road,22
Cubbon Park (Sri Chamarajendra Park),Mahalakshmi,28
Cubbon Park (Sri Chamarajendra Park),MG Road,10
Cubbon Park (Sri Chamarajendra Park),Mysuru Road,30
Cubbon Park (Sri Chamarajendra Park),Majestic,15
Cubbon Park (Sri Chamarajendra Park),Nagasandra,45
Cubbon Park (Sri Chamarajendra Park),National College,22
Cubbon Park (Sri Chamarajendra Park),Nayandahalli,35
Cubbon Park (Sri Chamarajendra Park),Pattanagere,40
Cubbon Park (Sri Chamarajendra Park),Peenya,35
Cubbon Park (Sri Chamarajendra Park),Peenya Industry,38
Cubbon Park (Sri Chamarajendra Park),Rajaji Nagar,25
Cubbon Park (Sri Chamarajendra Park),Rajarajeshwari Nagara,35
Cubbon Park (Sri Chamarajendra Park),Rashtreeya Vidyalaya Road,30
Cubbon Park (Sri Chamarajendra Park),Sampige Road,18
Cubbon Park (Sri Chamarajendra Park),Sandal Soap Factory,30
Cubbon Park (Sri Chamarajendra Park),Silk Institute,50
Cubbon Park (Sri Chamarajendra Park),Central College,15
Cubbon Park (Sri Chamarajendra Park),South End Circle,28
Cubbon Park (Sri Chamarajendra Park),Hosahalli,22
Cubbon Park (Sri Chamarajendra Park),Srirampura,20
Cubbon Park (Sri Chamarajendra Park),Swami Vivekananda Road,20
Cubbon Park (Sri Chamarajendra Park),Talaghattapura,45
Cubbon Park (Sri Chamarajendra Park),Trinity,15
Cubbon Park (Sri Chamarajendra Park),Vajarahalli,45
Cubbon Park (Sri Chamarajendra Park),Vijayanagara,25
Cubbon Park (Sri Chamarajendra Park),Yelachenahalli,38
Cubbon Park (Sri Chamarajendra Park),Yeshwanthpur,30
Dasarahalli,Attiguppe,45
Dasarahalli,Baiyappanahalli,55
Dasarahalli,Banashankari,52
Dasarahalli,Chickpete,38
Dasarahalli,Cubbon Park (Sri Chamarajendra Park),42
Dasarahalli,Deepanjali Nagara,50
Dasarahalli,Doddakallasandra,60
Dasarahalli,"Dr BR Ambedkar Station, Vidhana Soudha",40
Dasarahalli,Goraguntepalya,18
Dasarahalli,Halasuru,50
Dasarahalli,Indiranagar,50
Dasarahalli,Jalahalli,10
Dasarahalli,Jaya Prakash Nagar,55
Dasarahalli,Jayanagar,50
Dasarahalli,Jnanabharathi,58
Dasarahalli,Kengeri,60
Dasarahalli,Kengeri Bus Terminal,60
Dasarahalli,Konankunte Cross,60
Dasarahalli,City Railway Station,38
Dasarahalli,Krishna Rajendra Market,40
Dasarahalli,Lalbagh Botanical Garden,45
Dasarahalli,Magadi Road,40
Dasarahalli,Mahakavi Kuvempu Road,30
Dasarahalli,Mahalakshmi,25
Dasarahalli,MG Road,45
Dasarahalli,Mysuru Road,50
Dasarahalli,Majestic,35
Dasarahalli,Nagasandra,10
Dasarahalli,National College,42
Dasarahalli,Nayandahalli,52
Dasarahalli,Pattanagere,60
Dasarahalli,Peenya,15
Dasarahalli,Peenya Industry,15
Dasarahalli,Rajaji Nagar,28
Dasarahalli,Rajarajeshwari Nagara,55
Dasarahalli,Rashtreeya Vidyalaya Road,50
Dasarahalli,Sampige Road,35
Dasarahalli,Sandal Soap Factory,22
Dasarahalli,Silk Institute,60
Dasarahalli,Central College,38
Dasarahalli,South End Circle,45
Dasarahalli,Hosahalli,42
Dasarahalli,Srirampura,30
Dasarahalli,Swami Vivekananda Road,52
Dasarahalli,Talaghattapura,60
Dasarahalli,Trinity,45
Dasarahalli,Vajarahalli,60
Dasarahalli,Vijayanagara,45
Dasarahalli,Yelachenahalli,58
Dasarahalli,Yeshwanthpur,20
Deepanjali Nagara,Attiguppe,10
Deepanjali Nagara,Baiyappanahalli,42
Deepanjali Nagara,Banashankari,40
Deepanjali Nagara,Chickpete,25
Deepanjali Nagara,Cubbon Park (Sri Chamarajendra Park),30
Deepanjali Nagara,Dasarahalli,50
Deepanjali Nagara,Doddakallasandra,50
Deepanjali Nagara,"Dr BR Ambedkar Station, Vidhana Soudha",28
Deepanjali Nagara,Goraguntepalya,40
Deepanjali Nagara,Halasuru,35
Deepanjali Nagara,Indiranagar,38
Deepanjali Nagara,Jalahalli,45
Deepanjali Nagara,Cubbon Park (Sri Chamarajendra Park),30
Deepanjali Nagara,Jayanagar,35
Deepanjali Nagara,Jnanabharathi,18
Deepanjali Nagara,Kengeri,25
Deepanjali Nagara,Kengeri Bus Terminal,22
Deepanjali Nagara,Konankunte Cross,45
Deepanjali Nagara,City Railway Station,22
Deepanjali Nagara,Krishna Rajendra Market,28
Deepanjali Nagara,Lalbagh Botanical Garden,30
Deepanjali Nagara,Magadi Road,18
Deepanjali Nagara,Mahakavi Kuvempu Road,30
Deepanjali Nagara,Mahalakshmi,35
Deepanjali Nagara,MG Road,30
Deepanjali Nagara,Mysuru Road,10
Deepanjali Nagara,Majestic,22
Deepanjali Nagara,Nagasandra,50
Deepanjali Nagara,National College,30
Deepanjali Nagara,Nayandahalli,15
Deepanjali Nagara,Pattanagere,20
Deepanjali Nagara,Peenya,42
Deepanjali Nagara,Peenya Industry,45
Deepanjali Nagara,Rajaji Nagar,30
Deepanjali Nagara,Rajarajeshwari Nagara,15
Deepanjali Nagara,Rashtreeya Vidyalaya Road,38
Deepanjali Nagara,Sampige Road,25
Deepanjali Nagara,Sandal Soap Factory,35
Deepanjali Nagara,Silk Institute,55
Deepanjali Nagara,Central College,25
Deepanjali Nagara,South End Circle,35
Deepanjali Nagara,Hosahalli,15
Deepanjali Nagara,Srirampura,28
Deepanjali Nagara,Swami Vivekananda Road,40
Deepanjali Nagara,Talaghattapura,52
Deepanjali Nagara,Trinity,35
Deepanjali Nagara,Vajarahalli,50
Deepanjali Nagara,Vijayanagara,15
Deepanjali Nagara,Yelachenahalli,45
Deepanjali Nagara,Yeshwanthpur,38
Doddakallasandra,Attiguppe,45
Doddakallasandra,Baiyappanahalli,55
Doddakallasandra,Banashankari,18
Doddakallasandra,Chickpete,35
Doddakallasandra,Cubbon Park (Sri Chamarajendra Park),42
Doddakallasandra,Dasarahalli,60
Doddakallasandra,Deepanjali Nagara,50
Doddakallasandra,"Dr BR Ambedkar Station, Vidhana Soudha",40
Doddakallasandra,Goraguntepalya,52
Doddakallasandra,Halasuru,50
Doddakallasandra,Indiranagar,50
Doddakallasandra,Jalahalli,60
Doddakallasandra,Jaya Prakash Nagar,15
Doddakallasandra,Jayanagar,22
Doddakallasandra,Jnanabharathi,58
Doddakallasandra,Kengeri,60
Doddakallasandra,Kengeri Bus Terminal,60
Doddakallasandra,Konankunte Cross,10
Doddakallasandra,City Railway Station,37
Doddakallasandra,Krishna Rajendra Market,30
Doddakallasandra,Lalbagh Botanical Garden,28
Doddakallasandra,Magadi Road,40
Doddakallasandra,Mahakavi Kuvempu Road,42
Doddakallasandra,Mahalakshmi,45
Doddakallasandra,MG Road,45
Doddakallasandra,Mysuru Road,50
Doddakallasandra,Majestic,35
Doddakallasandra,Nagasandra,60
Doddakallasandra,National College,30
Doddakallasandra,Nayandahalli,52
Doddakallasandra,Pattanagere,60
Doddakallasandra,Peenya,55
Doddakallasandra,Peenya Industry,58
Doddakallasandra,Rajaji Nagar,45
Doddakallasandra,Rajarajeshwari Nagara,55
Doddakallasandra,Rashtreeya Vidyalaya Road,20
Doddakallasandra,Sampige Road,38
Doddakallasandra,Sandal Soap Factory,50
Doddakallasandra,Silk Institute,15
Doddakallasandra,Central College,38
Doddakallasandra,South End Circle,25
Doddakallasandra,Hosahalli,42
Doddakallasandra,Srirampura,40
Doddakallasandra,Swami Vivekananda Road,52
Doddakallasandra,Talaghattapura,15
Doddakallasandra,Trinity,45
Doddakallasandra,Vajarahalli,10
Doddakallasandra,Vijayanagara,45
Doddakallasandra,Yelachenahalli,15
Doddakallasandra,Yeshwanthpur,50
"Dr BR Ambedkar Station, Vidhana Soudha",Attiguppe,25
"Dr BR Ambedkar Station, Vidhana Soudha",Baiyappanahalli,25
"Dr BR Ambedkar Station, Vidhana Soudha",Banashankari,30
"Dr BR Ambedkar Station, Vidhana Soudha",Chickpete,15
"Dr BR Ambedkar Station, Vidhana Soudha",Cubbon Park (Sri Chamarajendra Park),10
"Dr BR Ambedkar Station, Vidhana Soudha",Dasarahalli,40
"Dr BR Ambedkar Station, Vidhana Soudha",Deepanjali Nagara,28
"Dr BR Ambedkar Station, Vidhana Soudha",Doddakallasandra,40
"Dr BR Ambedkar Station, Vidhana Soudha",Goraguntepalya,30
"Dr BR Ambedkar Station, Vidhana Soudha",Halasuru,18
"Dr BR Ambedkar Station, Vidhana Soudha",Indiranagar,20
"Dr BR Ambedkar Station, Vidhana Soudha",Jalahalli,38
"Dr BR Ambedkar Station, Vidhana Soudha",Jaya Prakash Nagar,35
"Dr BR Ambedkar Station, Vidhana Soudha",Jayanagar,28
"Dr BR Ambedkar Station, Vidhana Soudha",Jnanabharathi,35
"Dr BR Ambedkar Station, Vidhana Soudha",Kengeri,42
"Dr BR Ambedkar Station, Vidhana Soudha",Kengeri Bus Terminal,40
"Dr BR Ambedkar Station, Vidhana Soudha",Konankunte Cross,38
"Dr BR Ambedkar Station, Vidhana Soudha",City Railway Station,15
"Dr BR Ambedkar Station, Vidhana Soudha",Krishna Rajendra Market,18
"Dr BR Ambedkar Station, Vidhana Soudha",Lalbagh Botanical Garden,22
"Dr BR Ambedkar Station, Vidhana Soudha",Magadi Road,18
"Dr BR Ambedkar Station, Vidhana Soudha",Mahakavi Kuvempu Road,20
"Dr BR Ambedkar Station, Vidhana Soudha",Mahalakshmi,25
"Dr BR Ambedkar Station, Vidhana Soudha",MG Road,15
"Dr BR Ambedkar Station, Vidhana Soudha",Mysuru Road,30
"Dr BR Ambedkar Station, Vidhana Soudha",Majestic,15
"Dr BR Ambedkar Station, Vidhana Soudha",Nagasandra,42
"Dr BR Ambedkar Station, Vidhana Soudha",National College,20
"Dr BR Ambedkar Station, Vidhana Soudha",Nayandahalli,30
"Dr BR Ambedkar Station, Vidhana Soudha",Pattanagere,38
"Dr BR Ambedkar Station, Vidhana Soudha",Peenya,35
"Dr BR Ambedkar Station, Vidhana Soudha",Peenya Industry,35
"Dr BR Ambedkar Station, Vidhana Soudha",Rajaji Nagar,22
"Dr BR Ambedkar Station, Vidhana Soudha",Rajarajeshwari Nagara,35
"Dr BR Ambedkar Station, Vidhana Soudha",Rashtreeya Vidyalaya Road,30
"Dr BR Ambedkar Station, Vidhana Soudha",Sampige Road,15
"Dr BR Ambedkar Station, Vidhana Soudha",Sandal Soap Factory,28
"Dr BR Ambedkar Station, Vidhana Soudha",Silk Institute,45
"Dr BR Ambedkar Station, Vidhana Soudha",Central College,10
"Dr BR Ambedkar Station, Vidhana Soudha",South End Circle,25
"Dr BR Ambedkar Station, Vidhana Soudha",Hosahalli,20
"Dr BR Ambedkar Station, Vidhana Soudha",Srirampura,18
"Dr BR Ambedkar Station, Vidhana Soudha",Swami Vivekananda Road,22
"Dr BR Ambedkar Station, Vidhana Soudha",Talaghattapura,45
"Dr BR Ambedkar Station, Vidhana Soudha",Trinity,15
"Dr BR Ambedkar Station, Vidhana Soudha",Vajarahalli,42
"Dr BR Ambedkar Station, Vidhana Soudha",Vijayanagara,22
"Dr BR Ambedkar Station, Vidhana Soudha",Yelachenahalli,35
"Dr BR Ambedkar Station, Vidhana Soudha",Yeshwanthpur,30
Goraguntepalya,Attiguppe,38
Goraguntepalya,Baiyappanahalli,45
Goraguntepalya,Banashankari,45
Goraguntepalya,Chickpete,30
Goraguntepalya,Cubbon Park (Sri Chamarajendra Park),35
Goraguntepalya,Dasarahalli,18
Goraguntepalya,Deepanjali Nagara,40
Goraguntepalya,Doddakallasandra,52
Goraguntepalya,"Dr BR Ambedkar Station, Vidhana Soudha",30
Goraguntepalya,Halasuru,40
Goraguntepalya,Indiranagar,42
Goraguntepalya,Jalahalli,15
Goraguntepalya,Jaya Prakash Nagar,45
Goraguntepalya,Jayanagar,40
Goraguntepalya,Jnanabharathi,50
Goraguntepalya,Kengeri,55
Goraguntepalya,Kengeri Bus Terminal,52
Goraguntepalya,Konankunte Cross,50
Goraguntepalya,City Railway Station,28
Goraguntepalya,Krishna Rajendra Market,30
Goraguntepalya,Lalbagh Botanical Garden,35
Goraguntepalya,Magadi Road,30
Goraguntepalya,Mahakavi Kuvempu Road,20
Goraguntepalya,Mahalakshmi,15
Goraguntepalya,MG Road,35
Goraguntepalya,Mysuru Road,42
Goraguntepalya,Majestic,28
Goraguntepalya,Nagasandra,20
Goraguntepalya,National College,35
Goraguntepalya,Nayandahalli,45
Goraguntepalya,Pattanagere,50
Goraguntepalya,Peenya,10
Goraguntepalya,Peenya Industry,15
Goraguntepalya,Rajaji Nagar,18
Goraguntepalya,Rajarajeshwari Nagara,45
Goraguntepalya,Rashtreeya Vidyalaya Road,42
Goraguntepalya,Sampige Road,25
Goraguntepalya,Sandal Soap Factory,15
Goraguntepalya,Silk Institute,60
Goraguntepalya,Central College,30
Goraguntepalya,South End Circle,38
Goraguntepalya,Hosahalli,35
Goraguntepalya,Srirampura,22
Goraguntepalya,Swami Vivekananda Road,45
Goraguntepalya,Talaghattapura,58
Goraguntepalya,Trinity,38
Goraguntepalya,Vajarahalli,55
Goraguntepalya,Vijayanagara,35
Goraguntepalya,Yelachenahalli,50
Goraguntepalya,Yeshwanthpur,10
Halasuru,Attiguppe,35
Halasuru,Baiyappanahalli,15
Halasuru,Banashankari,40
Halasuru,Chickpete,25
Halasuru,Cubbon Park (Sri Chamarajendra Park),15
Halasuru,Dasarahalli,50
Halasuru,Deepanjali Nagara,35
Halasuru,Doddakallasandra,50
Halasuru,"Dr BR Ambedkar Station, Vidhana Soudha",18
Halasuru,Goraguntepalya,40
Halasuru,Indiranagar,10
Halasuru,Jalahalli,45
Halasuru,Jaya Prakash Nagar,42
Halasuru,Jayanagar,35
Halasuru,Jnanabharathi,45
Halasuru,Kengeri,50
Halasuru,Kengeri Bus Terminal,50
Halasuru,Konankunte Cross,45
Halasuru,City Railway Station,26
Halasuru,Krishna Rajendra Market,28
Halasuru,Lalbagh Botanical Garden,30
Halasuru,Magadi Road,28
Halasuru,Mahakavi Kuvempu Road,30
Halasuru,Mahalakshmi,35
Halasuru,MG Road,15
Halasuru,Mysuru Road,38
Halasuru,Majestic,22
Halasuru,Nagasandra,50
Halasuru,National College,30
Halasuru,Nayandahalli,40
Halasuru,Pattanagere,45
Halasuru,Peenya,42
Halasuru,Peenya Industry,45
Halasuru,Rajaji Nagar,30
Halasuru,Rajarajeshwari Nagara,42
Halasuru,Rashtreeya Vidyalaya Road,38
Halasuru,Sampige Road,25
Halasuru,Sandal Soap Factory,35
Halasuru,Silk Institute,55
Halasuru,Central College,20
Halasuru,South End Circle,35
Halasuru,Hosahalli,30
Halasuru,Srirampura,28
Halasuru,Swami Vivekananda Road,15
Halasuru,Talaghattapura,52
Halasuru,Trinity,10
Halasuru,Vajarahalli,50
Halasuru,Vijayanagara,30
Halasuru,Yelachenahalli,45
Halasuru,Yeshwanthpur,38
Indiranagar,Attiguppe,35
Indiranagar,Baiyappanahalli,15
Indiranagar,Banashankari,42
Indiranagar,Chickpete,28
Indiranagar,Cubbon Park (Sri Chamarajendra Park),18
Indiranagar,Dasarahalli,50
Indiranagar,Deepanjali Nagara,38
Indiranagar,Doddakallasandra,50
Indiranagar,"Dr BR Ambedkar Station, Vidhana Soudha",20
Indiranagar,Goraguntepalya,42
Indiranagar,Halasuru,10
Indiranagar,Jalahalli,50
Indiranagar,Jaya Prakash Nagar,45
Indiranagar,Jayanagar,38
Indiranagar,Jnanabharathi,45
Indiranagar,Kengeri,52
Indiranagar,Kengeri Bus Terminal,50
Indiranagar,Konankunte Cross,50
Indiranagar,City Railway Station,28
Indiranagar,Krishna Rajendra Market,30
Indiranagar,Lalbagh Botanical Garden,35
Indiranagar,Magadi Road,30
Indiranagar,Mahakavi Kuvempu Road,30
Indiranagar,Mahalakshmi,35
Indiranagar,MG Road,15
Indiranagar,Mysuru Road,40
Indiranagar,Majestic,25
Indiranagar,Nagasandra,52
Indiranagar,Kengeri,52
Indiranagar,Nayandahalli,42
Indiranagar,Pattanagere,50
Indiranagar,Peenya,45
Indiranagar,Peenya Industry,45
Indiranagar,Rajaji Nagar,35
Indiranagar,Rajarajeshwari Nagara,45
Indiranagar,Rashtreeya Vidyalaya Road,40
Indiranagar,Sampige Road,28
Indiranagar,Sandal Soap Factory,38
Indiranagar,Silk Institute,58
Indiranagar,Central College,22
Indiranagar,South End Circle,35
Indiranagar,Hosahalli,30
Indiranagar,Srirampura,30
Indiranagar,Swami Vivekananda Road,10
Indiranagar,Talaghattapura,55
Indiranagar,Trinity,15
Indiranagar,Vajarahalli,52
Indiranagar,Vijayanagara,35
Indiranagar,Yelachenahalli,45
Indiranagar,Yeshwanthpur,40
Jalahalli,Attiguppe,45
Jalahalli,Baiyappanahalli,52
Jalahalli,Banashankari,50
Jalahalli,Chickpete,35
Jalahalli,Cubbon Park (Sri Chamarajendra Park),40
Jalahalli,Dasarahalli,10
Jalahalli,Deepanjali Nagara,45
Jalahalli,Doddakallasandra,60
Jalahalli,"Dr BR Ambedkar Station, Vidhana Soudha",38
Jalahalli,Goraguntepalya,15
Jalahalli,Halasuru,45
Jalahalli,Indiranagar,50
Jalahalli,Jaya Prakash Nagar,52
Jalahalli,Jayanagar,45
Jalahalli,Jnanabharathi,55
Jalahalli,Kengeri,60
Jalahalli,Kengeri Bus Terminal,60
Jalahalli,Konankunte Cross,58
Jalahalli,City Railway Station,36
Jalahalli,Krishna Rajendra Market,38
Jalahalli,Lalbagh Botanical Garden,42
Jalahalli,Magadi Road,38
Jalahalli,Mahakavi Kuvempu Road,28
Jalahalli,Mahalakshmi,22
Jalahalli,MG Road,42
Jalahalli,Mysuru Road,50
Jalahalli,Majestic,35
Jalahalli,Nagasandra,15
Jalahalli,National College,40
Jalahalli,Nayandahalli,50
Jalahalli,Pattanagere,58
Jalahalli,Peenya,15
Jalahalli,Peenya Industry,10
Jalahalli,Rajaji Nagar,25
Jalahalli,Rajarajeshwari Nagara,52
Jalahalli,Rashtreeya Vidyalaya Road,50
Jalahalli,Sampige Road,30
Jalahalli,Sandal Soap Factory,20
Jalahalli,Silk Institute,60
Jalahalli,Central College,35
Jalahalli,South End Circle,45
Jalahalli,Hosahalli,40
Jalahalli,Srirampura,30
Jalahalli,Swami Vivekananda Road,50
Jalahalli,Talaghattapura,60
Jalahalli,Trinity,45
Jalahalli,Vajarahalli,60
Jalahalli,Vijayanagara,42
Jalahalli,Yelachenahalli,55
Jalahalli,Yeshwanthpur,18
Jaya Prakash Nagar,Attiguppe,40
Jaya Prakash Nagar,Baiyappanahalli,50
Jaya Prakash Nagar,Banashankari,10
Jaya Prakash Nagar,Chickpete,28
Jaya Prakash Nagar,Cubbon Park (Sri Chamarajendra Park),35
Jaya Prakash Nagar,Dasarahalli,55
Jaya Prakash Nagar,Deepanjali Nagara,42
Jaya Prakash Nagar,Doddakallasandra,15
Jaya Prakash Nagar,"Dr BR Ambedkar Station, Vidhana Soudha",35
Jaya Prakash Nagar,Goraguntepalya,45
Jaya Prakash Nagar,Halasuru,42
Jaya Prakash Nagar,Indiranagar,45
Jaya Prakash Nagar,Jalahalli,52
Jaya Prakash Nagar,Jayanagar,15
Jaya Prakash Nagar,Jnanabharathi,50
Jaya Prakash Nagar,Kengeri,58
Jaya Prakash Nagar,Kengeri Bus Terminal,55
Jaya Prakash Nagar,Konankunte Cross,15
Jaya Prakash Nagar,City Railway Station,32
Jaya Prakash Nagar,Krishna Rajendra Market,25
Jaya Prakash Nagar,Lalbagh Botanical Garden,20
Jaya Prakash Nagar,Magadi Road,35
Jaya Prakash Nagar,Mahakavi Kuvempu Road,35
Jaya Prakash Nagar,Mahalakshmi,40
Jaya Prakash Nagar,MG Road,38
Jaya Prakash Nagar,Mysuru Road,45
Jaya Prakash Nagar,Majestic,30
Jaya Prakash Nagar,Nagasandra,58
Jaya Prakash Nagar,National College,22
Jaya Prakash Nagar,Nayandahalli,45
Jaya Prakash Nagar,Pattanagere,52
Jaya Prakash Nagar,Peenya,50
Jaya Prakash Nagar,Peenya Industry,50
Jaya Prakash Nagar,Rajaji Nagar,38
Jaya Prakash Nagar,Rajarajeshwari Nagara,50
Jaya Prakash Nagar,Rashtreeya Vidyalaya Road,15
Jaya Prakash Nagar,Sampige Road,30
Jaya Prakash Nagar,Sandal Soap Factory,42
Jaya Prakash Nagar,Silk Institute,22
Jaya Prakash Nagar,Central College,30
Jaya Prakash Nagar,South End Circle,18
Jaya Prakash Nagar,Hosahalli,35
Jaya Prakash Nagar,Srirampura,35
Jaya Prakash Nagar,Swami Vivekananda Road,45
Jaya Prakash Nagar,Talaghattapura,20
Jaya Prakash Nagar,Trinity,40
Jaya Prakash Nagar,Vajarahalli,18
Jaya Prakash Nagar,Vijayanagara,38
Jaya Prakash Nagar,Yelachenahalli,10
Jaya Prakash Nagar,Yeshwanthpur,45
Jayanagar,Attiguppe,35
Jayanagar,Baiyappanahalli,42
Jayanagar,Banashankari,15
Jayanagar,Chickpete,20
Jayanagar,Cubbon Park (Sri Chamarajendra Park),30
Jayanagar,Dasarahalli,50
Jayanagar,Deepanjali Nagara,35
Jayanagar,Doddakallasandra,22
Jayanagar,"Dr BR Ambedkar Station, Vidhana Soudha",28
Jayanagar,Goraguntepalya,40
Jayanagar,Halasuru,35
Jayanagar,Indiranagar,38
Jayanagar,Jalahalli,45
Jayanagar,Jaya Prakash Nagar,15
Jayanagar,Jnanabharathi,45
Jayanagar,Kengeri,50
Jayanagar,Kengeri Bus Terminal,50
Jayanagar,Konankunte Cross,20
Jayanagar,City Railway Station,26
Jayanagar,Krishna Rajendra Market,18
Jayanagar,Lalbagh Botanical Garden,15
Jayanagar,Magadi Road,28
Jayanagar,Mahakavi Kuvempu Road,30
Jayanagar,Mahalakshmi,35
Jayanagar,MG Road,30
Jayanagar,Mysuru Road,38
Jayanagar,Majestic,22
Jayanagar,Nagasandra,50
Jayanagar,National College,15
Jayanagar,Nayandahalli,40
Jayanagar,Pattanagere,45
Jayanagar,Peenya,42
Jayanagar,Peenya Industry,45
Jayanagar,Rajaji Nagar,30
Jayanagar,Rajarajeshwari Nagara,42
Jayanagar,Rashtreeya Vidyalaya Road,10
Jayanagar,Sampige Road,25
Jayanagar,Sandal Soap Factory,35
Jayanagar,Silk Institute,30
Jayanagar,Central College,25
Jayanagar,South End Circle,10
Jayanagar,Hosahalli,30
Jayanagar,Srirampura,28
Jayanagar,Swami Vivekananda Road,40
Jayanagar,Talaghattapura,28
Jayanagar,Trinity,35
Jayanagar,Vajarahalli,25
Jayanagar,Vijayanagara,30
Jayanagar,Yelachenahalli,18
Jayanagar,Yeshwanthpur,38
Jnanabharathi,Attiguppe,20
Jnanabharathi,Baiyappanahalli,50
Jnanabharathi,Banashankari,50
Jnanabharathi,Chickpete,35
Jnanabharathi,Cubbon Park (Sri Chamarajendra Park),38
Jnanabharathi,Dasarahalli,58
Jnanabharathi,Deepanjali Nagara,18
Jnanabharathi,Doddakallasandra,58
Jnanabharathi,"Dr BR Ambedkar Station, Vidhana Soudha",35
Jnanabharathi,Goraguntepalya,50
Jnanabharathi,Halasuru,45
Jnanabharathi,Indiranagar,45
Jnanabharathi,Jalahalli,55
Jnanabharathi,Jaya Prakash Nagar,50
Jnanabharathi,Jayanagar,45
Jnanabharathi,Kengeri,15
Jnanabharathi,Kengeri Bus Terminal,15
Jnanabharathi,Konankunte Cross,55
Jnanabharathi,City Railway Station,28
Jnanabharathi,Krishna Rajendra Market,35
Jnanabharathi,Lalbagh Botanical Garden,40
Jnanabharathi,Magadi Road,28
Jnanabharathi,Mahakavi Kuvempu Road,38
Jnanabharathi,Mahalakshmi,42
Jnanabharathi,MG Road,40
Jnanabharathi,Mysuru Road,15
Jnanabharathi,Majestic,30
Jnanabharathi,Nagasandra,60
Jnanabharathi,National College,38
Jnanabharathi,Nayandahalli,15
Jnanabharathi,Pattanagere,10
Jnanabharathi,Peenya,50
Jnanabharathi,Peenya Industry,52
Jnanabharathi,Rajaji Nagar,40
Jnanabharathi,Rajarajeshwari Nagara,10
Jnanabharathi,Rashtreeya Vidyalaya Road,45
Jnanabharathi,Sampige Road,35
Jnanabharathi,Sandal Soap Factory,45
Jnanabharathi,Silk Institute,60
Jnanabharathi,Central College,35
Jnanabharathi,South End Circle,42
Jnanabharathi,Hosahalli,25
Jnanabharathi,Srirampura,35
Jnanabharathi,Swami Vivekananda Road,50
Jnanabharathi,Talaghattapura,60
Jnanabharathi,Trinity,42
Jnanabharathi,Vajarahalli,60
Jnanabharathi,Vijayanagara,22
Jnanabharathi,Yelachenahalli,52
Jnanabharathi,Yeshwanthpur,45
Kengeri,Attiguppe,28
Kengeri,Baiyappanahalli,58
Kengeri,Banashankari,55
Kengeri,Chickpete,40
Kengeri,Cubbon Park (Sri Chamarajendra Park),45
Kengeri,Dasarahalli,60
Kengeri,Deepanjali Nagara,25
Kengeri,Doddakallasandra,60
Kengeri,"Dr BR Ambedkar Station, Vidhana Soudha",42
Kengeri,Goraguntepalya,55
Kengeri,Halasuru,50
Kengeri,Indiranagar,52
Kengeri,Jalahalli,60
Kengeri,Jaya Prakash Nagar,58
Kengeri,Jayanagar,50
Kengeri,Jnanabharathi,15
Kengeri,Kengeri Bus Terminal,10
Kengeri,Konankunte Cross,60
Kengeri,City Railway Station,36
Kengeri,Krishna Rajendra Market,42
Kengeri,Lalbagh Botanical Garden,45
Kengeri,Magadi Road,35
Kengeri,Mahakavi Kuvempu Road,45
Kengeri,Mahalakshmi,50
Kengeri,MG Road,45
Kengeri,Mysuru Road,42
Kengeri,Majestic,38
Kengeri,Nagasandra,60
Kengeri,National College,45
Kengeri,Nayandahalli,20
Kengeri,Pattanagere,15
Kengeri,Peenya,58
Kengeri,Peenya Industry,60
Kengeri,Rajaji Nagar,45
Kengeri,Rajarajeshwari Nagara,18
Kengeri,Rashtreeya Vidyalaya Road,52
Kengeri,Sampige Road,40
Kengeri,Sandal Soap Factory,50
Kengeri,Silk Institute,60
Kengeri,Central College,40
Kengeri,South End Circle,50
Kengeri,Hosahalli,30
Kengeri,Srirampura,42
Kengeri,Swami Vivekananda Road,55
Kengeri,Talaghattapura,60
Kengeri,Trinity,50
Kengeri,Vajarahalli,60
Kengeri,Vijayanagara,30
Kengeri,Yelachenahalli,60
Kengeri,Yeshwanthpur,52
Kengeri Bus Terminal,Attiguppe,25
Kengeri Bus Terminal,Baiyappanahalli,55
Kengeri Bus Terminal,Banashankari,52
Kengeri Bus Terminal,Chickpete,38
Kengeri Bus Terminal,Cubbon Park (Sri Chamarajendra Park),42
Kengeri Bus Terminal,Dasarahalli,60
Kengeri Bus Terminal,Deepanjali Nagara,22
Kengeri Bus Terminal,Doddakallasandra,60
Kengeri Bus Terminal,"Dr BR Ambedkar Station, Vidhana Soudha",40
Kengeri Bus Terminal,Goraguntepalya,52
Kengeri Bus Terminal,Halasuru,50
Kengeri Bus Terminal,Indiranagar,50
Kengeri Bus Terminal,Jalahalli,60
Kengeri Bus Terminal,Jaya Prakash Nagar,55
Kengeri Bus Terminal,Jayanagar,50
Kengeri Bus Terminal,Jnanabharathi,15
Kengeri Bus Terminal,Kengeri,10
Kengeri Bus Terminal,Konankunte Cross,60
Kengeri Bus Terminal,City Railway Station,32
Kengeri Bus Terminal,Krishna Rajendra Market,40
Kengeri Bus Terminal,Lalbagh Botanical Garden,45
Kengeri Bus Terminal,Magadi Road,30
Kengeri Bus Terminal,Mahakavi Kuvempu Road,42
Kengeri Bus Terminal,Mahalakshmi,45
Kengeri Bus Terminal,MG Road,45
Kengeri Bus Terminal,Mysuru Road,20
Kengeri Bus Terminal,Majestic,35
Kengeri Bus Terminal,Nagasandra,60
Kengeri Bus Terminal,National College,42
Kengeri Bus Terminal,Nayandahalli,18
Kengeri Bus Terminal,Pattanagere,10
Kengeri Bus Terminal,Peenya,55
Kengeri Bus Terminal,Peenya Industry,58
Kengeri Bus Terminal,Rajaji Nagar,45
Kengeri Bus Terminal,Rajarajeshwari Nagara,15
Kengeri Bus Terminal,Rashtreeya Vidyalaya Road,50
Kengeri Bus Terminal,Sampige Road,38
Kengeri Bus Terminal,Sandal Soap Factory,50
Kengeri Bus Terminal,Silk Institute,60
Kengeri Bus Terminal,Central College,38
Kengeri Bus Terminal,South End Circle,45
Kengeri Bus Terminal,Hosahalli,30
Kengeri Bus Terminal,Srirampura,40
Kengeri Bus Terminal,Swami Vivekananda Road,52
Kengeri Bus Terminal,Talaghattapura,60
Kengeri Bus Terminal,Trinity,45
Kengeri Bus Terminal,Vajarahalli,60
Kengeri Bus Terminal,Vijayanagara,28
Kengeri Bus Terminal,Yelachenahalli,58
Kengeri Bus Terminal,Yeshwanthpur,50
Konankunte Cross,Attiguppe,45
Konankunte Cross,Baiyappanahalli,52
Konankunte Cross,Banashankari,15
Konankunte Cross,Chickpete,30
Konankunte Cross,Cubbon Park (Sri Chamarajendra Park),40
Konankunte Cross,Dasarahalli,60
Konankunte Cross,Deepanjali Nagara,45
Konankunte Cross,Doddakallasandra,10
Konankunte Cross,"Dr BR Ambedkar Station, Vidhana Soudha",38
Konankunte Cross,Goraguntepalya,50
Konankunte Cross,Halasuru,45
Konankunte Cross,Indiranagar,50
Konankunte Cross,Jalahalli,58
Konankunte Cross,Jaya Prakash Nagar,15
Konankunte Cross,Jayanagar,20
Konankunte Cross,Jnanabharathi,55
Konankunte Cross,Kengeri,60
Konankunte Cross,Kengeri Bus Terminal,60
Konankunte Cross,City Railway Station,36
Konankunte Cross,Krishna Rajendra Market,30
Konankunte Cross,Lalbagh Botanical Garden,25
Konankunte Cross,Magadi Road,38
Konankunte Cross,Mahakavi Kuvempu Road,40
Konankunte Cross,Mahalakshmi,45
Konankunte Cross,MG Road,42
Konankunte Cross,Mysuru Road,50
Konankunte Cross,Majestic,35
Konankunte Cross,Nagasandra,60
Konankunte Cross,National College,28
Konankunte Cross,Nayandahalli,50
Konankunte Cross,Pattanagere,58
Konankunte Cross,Peenya,52
Konankunte Cross,Peenya Industry,55
Konankunte Cross,Rajaji Nagar,42
Konankunte Cross,Rajarajeshwari Nagara,52
Konankunte Cross,Rashtreeya Vidyalaya Road,18
Konankunte Cross,Sampige Road,35
Konankunte Cross,Sandal Soap Factory,45
Konankunte Cross,Silk Institute,18
Konankunte Cross,Central College,35
Konankunte Cross,South End Circle,22
Konankunte Cross,Hosahalli,40
Konankunte Cross,Srirampura,38
Konankunte Cross,Swami Vivekananda Road,50
Konankunte Cross,Talaghattapura,15
Konankunte Cross,Trinity,45
Konankunte Cross,Vajarahalli,15
Konankunte Cross,Vijayanagara,42
Konankunte Cross,Yelachenahalli,10
Konankunte Cross,Yeshwanthpur,50
City Railway Station,Attiguppe,18
City Railway Station,Baiyappanahalli,30
City Railway Station,Banashankari,30
City Railway Station,Chickpete,15
City Railway Station,Cubbon Park (Sri Chamarajendra Park),18
City Railway Station,Dasarahalli,38
City Railway Station,Deepanjali Nagara,20
City Railway Station,Doddakallasandra,38
City Railway Station,"Dr BR Ambedkar Station, Vidhana Soudha",15
City Railway Station,Goraguntepalya,30
City Railway Station,Halasuru,25
City Railway Station,Indiranagar,28
City Railway Station,Jalahalli,35
City Railway Station,Jaya Prakash Nagar,30
City Railway Station,Jayanagar,25
City Railway Station,Jnanabharathi,30
City Railway Station,Kengeri,35
City Railway Station,Kengeri Bus Terminal,35
City Railway Station,Konankunte Cross,35
City Railway Station,Krishna Rajendra Market,15
City Railway Station,Lalbagh Botanical Garden,20
City Railway Station,Magadi Road,10
City Railway Station,Mahakavi Kuvempu Road,18
City Railway Station,Mahalakshmi,22
City Railway Station,MG Road,20
City Railway Station,Mysuru Road,22
City Railway Station,Majestic,10
City Railway Station,Nagasandra,40
City Railway Station,National College,18
City Railway Station,Nayandahalli,25
City Railway Station,Pattanagere,30
City Railway Station,Peenya,30
City Railway Station,Peenya Industry,35
City Railway Station,Rajaji Nagar,20
City Railway Station,Rajarajeshwari Nagara,28
City Railway Station,Rashtreeya Vidyalaya Road,28
City Railway Station,Sampige Road,15
City Railway Station,Sandal Soap Factory,25
City Railway Station,Silk Institute,45
City Railway Station,Central College,15
City Railway Station,South End Circle,22
City Railway Station,Hosahalli,15
City Railway Station,Srirampura,15
City Railway Station,Swami Vivekananda Road,30
City Railway Station,Talaghattapura,42
City Railway Station,Trinity,22
City Railway Station,Vajarahalli,40
City Railway Station,Vijayanagara,15
City Railway Station,Yelachenahalli,35
City Railway Station,Yeshwanthpur,28
Krishna Rajendra Market,Attiguppe,25
Krishna Rajendra Market,Baiyappanahalli,35
Krishna Rajendra Market,Banashankari,22
Krishna Rajendra Market,Chickpete,10
Krishna Rajendra Market,Cubbon Park (Sri Chamarajendra Park),20
Krishna Rajendra Market,Dasarahalli,40
Krishna Rajendra Market,Deepanjali Nagara,28
Krishna Rajendra Market,Doddakallasandra,30
Krishna Rajendra Market,"Dr BR Ambedkar Station, Vidhana Soudha",18
Krishna Rajendra Market,Goraguntepalya,30
Krishna Rajendra Market,Halasuru,28
Krishna Rajendra Market,Indiranagar,30
Krishna Rajendra Market,Jalahalli,38
Krishna Rajendra Market,Jaya Prakash Nagar,25
Krishna Rajendra Market,Jayanagar,18
Krishna Rajendra Market,Jnanabharathi,35
Krishna Rajendra Market,Kengeri,42
Krishna Rajendra Market,Kengeri Bus Terminal,40
Krishna Rajendra Market,Konankunte Cross,30
Krishna Rajendra Market,City Railway Station,16
Krishna Rajendra Market,Lalbagh Botanical Garden,15
Krishna Rajendra Market,Magadi Road,18
Krishna Rajendra Market,Mahakavi Kuvempu Road,20
Krishna Rajendra Market,Mahalakshmi,25
Krishna Rajendra Market,MG Road,22
Krishna Rajendra Market,Mysuru Road,30
Krishna Rajendra Market,Majestic,15
Krishna Rajendra Market,Nagasandra,42
Krishna Rajendra Market,National College,10
Krishna Rajendra Market,Nayandahalli,30
Krishna Rajendra Market,Pattanagere,38
Krishna Rajendra Market,Peenya,35
Krishna Rajendra Market,Peenya Industry,35
Krishna Rajendra Market,Rajaji Nagar,22
Krishna Rajendra Market,Rajarajeshwari Nagara,35
Krishna Rajendra Market,Rashtreeya Vidyalaya Road,20
Krishna Rajendra Market,Sampige Road,15
Krishna Rajendra Market,Sandal Soap Factory,28
Krishna Rajendra Market,Silk Institute,38
Krishna Rajendra Market,Central College,15
Krishna Rajendra Market,South End Circle,15
Krishna Rajendra Market,Hosahalli,20
Krishna Rajendra Market,Srirampura,18
Krishna Rajendra Market,Swami Vivekananda Road,30
Krishna Rajendra Market,Talaghattapura,35
Krishna Rajendra Market,Trinity,25
Krishna Rajendra Market,Vajarahalli,35
Krishna Rajendra Market,Vijayanagara,22
Krishna Rajendra Market,Yelachenahalli,28
Krishna Rajendra Market,Yeshwanthpur,30
Lalbagh Botanical Garden,Attiguppe,30
Lalbagh Botanical Garden,Baiyappanahalli,38
Lalbagh Botanical Garden,Banashankari,18
Lalbagh Botanical Garden,Chickpete,15
Lalbagh Botanical Garden,Cubbon Park (Sri Chamarajendra Park),25
Lalbagh Botanical Garden,Dasarahalli,45
Lalbagh Botanical Garden,Deepanjali Nagara,30
Lalbagh Botanical Garden,Doddakallasandra,28
Lalbagh Botanical Garden,"Dr BR Ambedkar Station, Vidhana Soudha",22
Lalbagh Botanical Garden,Goraguntepalya,35
Lalbagh Botanical Garden,Halasuru,30
Lalbagh Botanical Garden,Indiranagar,35
Lalbagh Botanical Garden,Jalahalli,42
Lalbagh Botanical Garden,Jaya Prakash Nagar,20
Lalbagh Botanical Garden,Jayanagar,15
Lalbagh Botanical Garden,Jnanabharathi,40
Lalbagh Botanical Garden,Kengeri,45
Lalbagh Botanical Garden,Kengeri Bus Terminal,45
Lalbagh Botanical Garden,Konankunte Cross,25
Lalbagh Botanical Garden,City Railway Station,20
Lalbagh Botanical Garden,Krishna Rajendra Market,15
Lalbagh Botanical Garden,Magadi Road,22
Lalbagh Botanical Garden,Mahakavi Kuvempu Road,25
Lalbagh Botanical Garden,Mahalakshmi,30
Lalbagh Botanical Garden,MG Road,28
Lalbagh Botanical Garden,Mysuru Road,35
Lalbagh Botanical Garden,Majestic,18
Lalbagh Botanical Garden,Nagasandra,45
Lalbagh Botanical Garden,National College,10
Lalbagh Botanical Garden,Nayandahalli,35
Lalbagh Botanical Garden,Pattanagere,42
Lalbagh Botanical Garden,Peenya,38
Lalbagh Botanical Garden,Peenya Industry,40
Lalbagh Botanical Garden,Rajaji Nagar,28
Lalbagh Botanical Garden,Rajarajeshwari Nagara,38
Lalbagh Botanical Garden,Rashtreeya Vidyalaya Road,15
Lalbagh Botanical Garden,Sampige Road,20
Lalbagh Botanical Garden,Sandal Soap Factory,30
Lalbagh Botanical Garden,Silk Institute,35
Lalbagh Botanical Garden,Central College,20
Lalbagh Botanical Garden,South End Circle,10
Lalbagh Botanical Garden,Hosahalli,25
Lalbagh Botanical Garden,Srirampura,22
Lalbagh Botanical Garden,Swami Vivekananda Road,35
Lalbagh Botanical Garden,Talaghattapura,30
Lalbagh Botanical Garden,Trinity,30
Lalbagh Botanical Garden,Vajarahalli,30
Lalbagh Botanical Garden,Vijayanagara,28
Lalbagh Botanical Garden,Yelachenahalli,22
Lalbagh Botanical Garden,Yeshwanthpur,35
Magadi Road,Attiguppe,15
Magadi Road,Baiyappanahalli,35
Magadi Road,Banashankari,30
Magadi Road,Chickpete,15
Magadi Road,Cubbon Park (Sri Chamarajendra Park),20
Magadi Road,Dasarahalli,40
Magadi Road,Deepanjali Nagara,18
Magadi Road,Doddakallasandra,40
Magadi Road,"Dr BR Ambedkar Station, Vidhana Soudha",18
Magadi Road,Goraguntepalya,30
Magadi Road,Halasuru,28
Magadi Road,Indiranagar,30
Magadi Road,Jalahalli,38
Magadi Road,Jaya Prakash Nagar,35
Magadi Road,Jayanagar,28
Magadi Road,Jnanabharathi,28
Magadi Road,Kengeri,35
Magadi Road,Kengeri Bus Terminal,30
Magadi Road,Konankunte Cross,38
Magadi Road,City Railway Station,15
Magadi Road,Krishna Rajendra Market,18
Magadi Road,Lalbagh Botanical Garden,22
Magadi Road,Mahakavi Kuvempu Road,20
Magadi Road,Mahalakshmi,25
Magadi Road,MG Road,22
Magadi Road,Mysuru Road,20
Magadi Road,Majestic,15
Magadi Road,Nagasandra,42
Magadi Road,National College,20
Magadi Road,Nayandahalli,22
Magadi Road,Pattanagere,30
Magadi Road,Peenya,35
Magadi Road,Peenya Industry,35
Magadi Road,Rajaji Nagar,22
Magadi Road,Rajarajeshwari Nagara,25
Magadi Road,Rashtreeya Vidyalaya Road,30
Magadi Road,Sampige Road,15
Magadi Road,Sandal Soap Factory,28
Magadi Road,Silk Institute,45
Magadi Road,Central College,15
Magadi Road,South End Circle,25
Magadi Road,Hosahalli,10
Magadi Road,Srirampura,18
Magadi Road,Swami Vivekananda Road,30
Magadi Road,Talaghattapura,45
Magadi Road,Trinity,25
Magadi Road,Vajarahalli,42
Magadi Road,Vijayanagara,15
Magadi Road,Yelachenahalli,35
Magadi Road,Yeshwanthpur,30
Mahakavi Kuvempu Road,Attiguppe,28
Mahakavi Kuvempu Road,Baiyappanahalli,35
Mahakavi Kuvempu Road,Banashankari,35
Mahakavi Kuvempu Road,Chickpete,18
Mahakavi Kuvempu Road,Cubbon Park (Sri Chamarajendra Park),22
Mahakavi Kuvempu Road,Dasarahalli,30
Mahakavi Kuvempu Road,Deepanjali Nagara,30
Mahakavi Kuvempu Road,Doddakallasandra,42
Mahakavi Kuvempu Road,"Dr BR Ambedkar Station, Vidhana Soudha",20
Mahakavi Kuvempu Road,Goraguntepalya,20
Mahakavi Kuvempu Road,Halasuru,30
Mahakavi Kuvempu Road,Indiranagar,30
Mahakavi Kuvempu Road,Jalahalli,28
Mahakavi Kuvempu Road,Jaya Prakash Nagar,35
Mahakavi Kuvempu Road,Jayanagar,30
Mahakavi Kuvempu Road,Jnanabharathi,38
Mahakavi Kuvempu Road,Kengeri,45
Mahakavi Kuvempu Road,Kengeri Bus Terminal,42
Mahakavi Kuvempu Road,Konankunte Cross,40
Mahakavi Kuvempu Road,City Railway Station,18
Mahakavi Kuvempu Road,Krishna Rajendra Market,20
Mahakavi Kuvempu Road,Lalbagh Botanical Garden,25
Mahakavi Kuvempu Road,Magadi Road,20
Mahakavi Kuvempu Road,Mahalakshmi,15
Mahakavi Kuvempu Road,MG Road,25
Mahakavi Kuvempu Road,Mysuru Road,30
Mahakavi Kuvempu Road,Majestic,15
Mahakavi Kuvempu Road,Nagasandra,30
Mahakavi Kuvempu Road,National College,22
Mahakavi Kuvempu Road,Nayandahalli,35
Mahakavi Kuvempu Road,Pattanagere,40
Mahakavi Kuvempu Road,Peenya,22
Mahakavi Kuvempu Road,Peenya Industry,25
Mahakavi Kuvempu Road,Rajaji Nagar,10
Mahakavi Kuvempu Road,Rajarajeshwari Nagara,35
Mahakavi Kuvempu Road,Rashtreeya Vidyalaya Road,30
Mahakavi Kuvempu Road,Sampige Road,15
Mahakavi Kuvempu Road,Sandal Soap Factory,15
Mahakavi Kuvempu Road,Silk Institute,50
Mahakavi Kuvempu Road,Central College,18
Mahakavi Kuvempu Road,South End Circle,28
Mahakavi Kuvempu Road,Hosahalli,22
Mahakavi Kuvempu Road,Srirampura,10
Mahakavi Kuvempu Road,Swami Vivekananda Road,35
Mahakavi Kuvempu Road,Talaghattapura,45
Mahakavi Kuvempu Road,Trinity,28
Mahakavi Kuvempu Road,Vajarahalli,45
Mahakavi Kuvempu Road,Vijayanagara,25
Mahakavi Kuvempu Road,Yelachenahalli,38
Mahakavi Kuvempu Road,Yeshwanthpur,18
Mahalakshmi,Attiguppe,30
Mahalakshmi,Baiyappanahalli,40
Mahalakshmi,Banashankari,38
Mahalakshmi,Chickpete,22
Mahalakshmi,Cubbon Park (Sri Chamarajendra Park),28
Mahalakshmi,Dasarahalli,25
Mahalakshmi,Deepanjali Nagara,35
Mahalakshmi,Doddakallasandra,45
Mahalakshmi,"Dr BR Ambedkar Station, Vidhana Soudha",25
Mahalakshmi,Goraguntepalya,15
Mahalakshmi,Halasuru,35
Mahalakshmi,Indiranagar,35
Mahalakshmi,Jalahalli,22
Mahalakshmi,Jaya Prakash Nagar,40
Mahalakshmi,Jayanagar,35
Mahalakshmi,Jnanabharathi,42
Mahalakshmi,Kengeri,50
Mahalakshmi,Kengeri Bus Terminal,45
Mahalakshmi,Konankunte Cross,45
Mahalakshmi,City Railway Station,22
Mahalakshmi,Krishna Rajendra Market,25
Mahalakshmi,Lalbagh Botanical Garden,30
Mahalakshmi,Magadi Road,25
Mahalakshmi,Mahakavi Kuvempu Road,15
Mahalakshmi,MG Road,30
Mahalakshmi,Mysuru Road,35
Mahalakshmi,Majestic,20
Mahalakshmi,Nagasandra,28
Mahalakshmi,National College,28
Mahalakshmi,Nayandahalli,38
Mahalakshmi,Pattanagere,45
Mahalakshmi,Peenya,18
Mahalakshmi,Peenya Industry,20
Mahalakshmi,Rajaji Nagar,10
Mahalakshmi,Rajarajeshwari Nagara,40
Mahalakshmi,Rashtreeya Vidyalaya Road,35
Mahalakshmi,Sampige Road,18
Mahalakshmi,Sandal Soap Factory,10
Mahalakshmi,Silk Institute,52
Mahalakshmi,Central College,22
Mahalakshmi,South End Circle,30
Mahalakshmi,Hosahalli,28
Mahalakshmi,Srirampura,15
Mahalakshmi,Swami Vivekananda Road,38
Mahalakshmi,Talaghattapura,50
Mahalakshmi,Trinity,30
Mahalakshmi,Vajarahalli,50
Mahalakshmi,Vijayanagara,30
Mahalakshmi,Yelachenahalli,42
Mahalakshmi,Yeshwanthpur,15
MG Road,Attiguppe,30
MG Road,Baiyappanahalli,20
MG Road,Banashankari,35
MG Road,Chickpete,20
MG Road,Cubbon Park (Sri Chamarajendra Park),10
MG Road,Dasarahalli,45
MG Road,Deepanjali Nagara,30
MG Road,Doddakallasandra,45
MG Road,"Dr BR Ambedkar Station, Vidhana Soudha",15
MG Road,Goraguntepalya,35
MG Road,Halasuru,15
MG Road,Indiranagar,15
MG Road,Jalahalli,42
MG Road,Jaya Prakash Nagar,38
MG Road,Jayanagar,30
MG Road,Jnanabharathi,40
MG Road,Kengeri,45
MG Road,Kengeri Bus Terminal,45
MG Road,Konankunte Cross,42
MG Road,City Railway Station,20
MG Road,Krishna Rajendra Market,22
MG Road,Lalbagh Botanical Garden,28
MG Road,Magadi Road,22
MG Road,Mahakavi Kuvempu Road,25
MG Road,Mahalakshmi,30
MG Road,Mysuru Road,35
MG Road,Majestic,18
MG Road,Nagasandra,45
MG Road,National College,25
MG Road,Nayandahalli,35
MG Road,Pattanagere,42
MG Road,Peenya,38
MG Road,Peenya Industry,40
MG Road,Rajaji Nagar,28
MG Road,Rajarajeshwari Nagara,38
MG Road,Rashtreeya Vidyalaya Road,35
MG Road,Sampige Road,20
MG Road,Sandal Soap Factory,30
MG Road,Silk Institute,50
MG Road,Central College,15
MG Road,South End Circle,30
MG Road,Hosahalli,25
MG Road,Srirampura,22
MG Road,Swami Vivekananda Road,18
MG Road,Talaghattapura,50
MG Road,Trinity,10
MG Road,Vajarahalli,45
MG Road,Vijayanagara,28
MG Road,Yelachenahalli,40
MG Road,Yeshwanthpur,35
Mysuru Road,Attiguppe,15
Mysuru Road,Baiyappanahalli,45
Mysuru Road,Banashankari,42
Mysuru Road,Chickpete,28
Mysuru Road,Cubbon Park (Sri Chamarajendra Park),30
Mysuru Road,Dasarahalli,50
Mysuru Road,Deepanjali Nagara,10
Mysuru Road,Doddakallasandra,50
Mysuru Road,"Dr BR Ambedkar Station, Vidhana Soudha",30
Mysuru Road,Goraguntepalya,42
Mysuru Road,Halasuru,38
Mysuru Road,Indiranagar,40
Mysuru Road,Jalahalli,50
Mysuru Road,Jaya Prakash Nagar,45
Mysuru Road,Jayanagar,38
Mysuru Road,Jnanabharathi,15
Mysuru Road,Kengeri,22
Mysuru Road,Kengeri Bus Terminal,20
Mysuru Road,Konankunte Cross,50
Mysuru Road,City Railway Station,22
Mysuru Road,Krishna Rajendra Market,30
Mysuru Road,Lalbagh Botanical Garden,35
Mysuru Road,Magadi Road,20
Mysuru Road,Mahakavi Kuvempu Road,30
Mysuru Road,Mahalakshmi,35
Mysuru Road,MG Road,35
Mysuru Road,Majestic,25
Mysuru Road,Nagasandra,52
Mysuru Road,National College,30
Mysuru Road,Nayandahalli,10
Mysuru Road,Pattanagere,18
Mysuru Road,Peenya,45
Mysuru Road,Peenya Industry,45
Mysuru Road,Rajaji Nagar,35
Mysuru Road,Rajarajeshwari Nagara,15
Mysuru Road,Rashtreeya Vidyalaya Road,40
Mysuru Road,Sampige Road,28
Mysuru Road,Sandal Soap Factory,38
Mysuru Road,Silk Institute,58
Mysuru Road,Central College,28
Mysuru Road,South End Circle,35
Mysuru Road,Hosahalli,18
Mysuru Road,Srirampura,30
Mysuru Road,Swami Vivekananda Road,42
Mysuru Road,Talaghattapura,55
Mysuru Road,Trinity,35
Mysuru Road,Vajarahalli,52
Mysuru Road,Vijayanagara,15
Mysuru Road,Yelachenahalli,45
Mysuru Road,Yeshwanthpur,40
Majestic,Attiguppe,20
Majestic,Baiyappanahalli,30
Majestic,Banashankari,28
Majestic,Chickpete,10
Majestic,Cubbon Park (Sri Chamarajendra Park),15
Majestic,Dasarahalli,35
Majestic,Deepanjali Nagara,22
Majestic,Doddakallasandra,35
Majestic,"Dr BR Ambedkar Station, Vidhana Soudha",15
Majestic,Goraguntepalya,28
Majestic,Halasuru,22
Majestic,Indiranagar,25
Majestic,Jalahalli,35
Majestic,Jaya Prakash Nagar,30
Majestic,Jayanagar,22
Majestic,Jnanabharathi,30
Majestic,Kengeri,38
Majestic,Kengeri Bus Terminal,35
Majestic,Konankunte Cross,35
Majestic,City Railway Station,10
Majestic,Krishna Rajendra Market,15
Majestic,Lalbagh Botanical Garden,18
Majestic,Magadi Road,15
Majestic,Mahakavi Kuvempu Road,15
Majestic,Mahalakshmi,20
Majestic,MG Road,18
Majestic,Mysuru Road,25
Majestic,Nagasandra,38
Majestic,National College,15
Majestic,Nayandahalli,28
Majestic,Pattanagere,35
Majestic,Peenya,30
Majestic,Peenya Industry,30
Majestic,Rajaji Nagar,18
Majestic,Rajarajeshwari Nagara,30
Majestic,Rashtreeya Vidyalaya Road,25
Majestic,Sampige Road,10
Majestic,Sandal Soap Factory,22
Majestic,Silk Institute,42
Majestic,Central College,10
Majestic,South End Circle,20
Majestic,Hosahalli,15
Majestic,Srirampura,15
Majestic,Swami Vivekananda Road,28
Majestic,Talaghattapura,40
Majestic,Trinity,20
Majestic,Vajarahalli,38
Majestic,Vijayanagara,18
Majestic,Yelachenahalli,30
Majestic,Yeshwanthpur,25
Nagasandra,Attiguppe,50
Nagasandra,Baiyappanahalli,58
Nagasandra,Banashankari,55
Nagasandra,Chickpete,40
Nagasandra,Cubbon Park (Sri Chamarajendra Park),45
Nagasandra,Dasarahalli,10
Nagasandra,Deepanjali Nagara,50
Nagasandra,Doddakallasandra,60
Nagasandra,"Dr BR Ambedkar Station, Vidhana Soudha",42
Nagasandra,Goraguntepalya,20
Nagasandra,Halasuru,50
Nagasandra,Indiranagar,52
Nagasandra,Jalahalli,15
Nagasandra,Jaya Prakash Nagar,58
Nagasandra,Jayanagar,50
Nagasandra,Jnanabharathi,60
Nagasandra,Kengeri,60
Nagasandra,Kengeri Bus Terminal,60
Nagasandra,Konankunte Cross,60
Nagasandra,City Railway Station,40
Nagasandra,Krishna Rajendra Market,42
Nagasandra,Lalbagh Botanical Garden,45
Nagasandra,Magadi Road,42
Nagasandra,Mahakavi Kuvempu Road,30
Nagasandra,Mahalakshmi,28
Nagasandra,MG Road,45
Nagasandra,Mysuru Road,52
Nagasandra,Majestic,38
Nagasandra,National College,45
Nagasandra,Nayandahalli,55
Nagasandra,Pattanagere,60
Nagasandra,Peenya,18
Nagasandra,Peenya Industry,15
Nagasandra,Rajaji Nagar,30
Nagasandra,Rajarajeshwari Nagara,58
Nagasandra,Rashtreeya Vidyalaya Road,52
Nagasandra,Sampige Road,35
Nagasandra,Sandal Soap Factory,25
Nagasandra,Silk Institute,60
Nagasandra,Central College,40
Nagasandra,South End Circle,50
Nagasandra,Hosahalli,45
Nagasandra,Srirampura,35
Nagasandra,Swami Vivekananda Road,55
Nagasandra,Talaghattapura,60
Nagasandra,Trinity,50
Nagasandra,Vajarahalli,60
Nagasandra,Vijayanagara,45
Nagasandra,Yelachenahalli,60
Nagasandra,Yeshwanthpur,22
National College,Attiguppe,28
National College,Baiyappanahalli,35
National College,Banashankari,20
National College,Chickpete,15
National College,Cubbon Park (Sri Chamarajendra Park),22
National College,Dasarahalli,42
National College,Deepanjali Nagara,30
National College,Doddakallasandra,30
National College,"Dr BR Ambedkar Station, Vidhana Soudha",20
National College,Goraguntepalya,35
National College,Halasuru,30
National College,Indiranagar,30
National College,Jalahalli,40
National College,Jaya Prakash Nagar,22
National College,Jayanagar,15
National College,Jnanabharathi,38
National College,Kengeri,45
National College,Kengeri Bus Terminal,42
National College,Konankunte Cross,28
National College,City Railway Station,17
National College,Krishna Rajendra Market,10
National College,Lalbagh Botanical Garden,10
National College,Magadi Road,20
National College,Mahakavi Kuvempu Road,22
National College,Mahalakshmi,28
National College,MG Road,25
National College,Mysuru Road,30
National College,Majestic,15
National College,Nagasandra,45
National College,Nayandahalli,35
National College,Pattanagere,40
National College,Peenya,35
National College,Peenya Industry,38
National College,Rajaji Nagar,25
National College,Rajarajeshwari Nagara,35
National College,Rashtreeya Vidyalaya Road,18
National College,Sampige Road,18
National College,Sandal Soap Factory,30
National College,Silk Institute,35
National College,Central College,18
National College,South End Circle,15
National College,Hosahalli,22
National College,Srirampura,20
National College,Swami Vivekananda Road,35
National College,Talaghattapura,35
National College,Trinity,28
National College,Vajarahalli,30
National College,Vijayanagara,25
National College,Yelachenahalli,25
National College,Yeshwanthpur,30
Nayandahalli,Attiguppe,15
Nayandahalli,Baiyappanahalli,45
Nayandahalli,Banashankari,45
Nayandahalli,Chickpete,30
Nayandahalli,Cubbon Park (Sri Chamarajendra Park),35
Nayandahalli,Dasarahalli,52
Nayandahalli,Deepanjali Nagara,15
Nayandahalli,Doddakallasandra,52
Nayandahalli,"Dr BR Ambedkar Station, Vidhana Soudha",30
Nayandahalli,Goraguntepalya,45
Nayandahalli,Halasuru,40
Nayandahalli,Indiranagar,42
Nayandahalli,Jalahalli,50
Nayandahalli,Jaya Prakash Nagar,45
Nayandahalli,Jayanagar,40
Nayandahalli,Jnanabharathi,15
Nayandahalli,Kengeri,20
Nayandahalli,Kengeri Bus Terminal,18
Nayandahalli,Konankunte Cross,50
Nayandahalli,City Railway Station,25
Nayandahalli,Krishna Rajendra Market,30
Nayandahalli,Lalbagh Botanical Garden,35
Nayandahalli,Magadi Road,22
Nayandahalli,Mahakavi Kuvempu Road,35
Nayandahalli,Mahalakshmi,38
Nayandahalli,MG Road,35
Nayandahalli,Mysuru Road,10
Nayandahalli,Majestic,28
Nayandahalli,Nagasandra,55
Nayandahalli,National College,35
Nayandahalli,Pattanagere,15
Nayandahalli,Peenya,45
Nayandahalli,Peenya Industry,50
Nayandahalli,Rajaji Nagar,35
Nayandahalli,Rajarajeshwari Nagara,10
Nayandahalli,Rashtreeya Vidyalaya Road,42
Nayandahalli,Sampige Road,30
Nayandahalli,Sandal Soap Factory,40
Nayandahalli,Silk Institute,60
Nayandahalli,Central College,30
Nayandahalli,South End Circle,38
Nayandahalli,Hosahalli,20
Nayandahalli,Srirampura,30
Nayandahalli,Swami Vivekananda Road,45
Nayandahalli,Talaghattapura,58
Nayandahalli,Trinity,38
Nayandahalli,Vajarahalli,55
Nayandahalli,Vijayanagara,18
Nayandahalli,Yelachenahalli,50
Nayandahalli,Yeshwanthpur,42
Pattanagere,Attiguppe,22
Pattanagere,Baiyappanahalli,52
Pattanagere,Banashankari,50
Pattanagere,Chickpete,35
Pattanagere,Cubbon Park (Sri Chamarajendra Park),40
Pattanagere,Dasarahalli,60
Pattanagere,Deepanjali Nagara,20
Pattanagere,Doddakallasandra,60
Pattanagere,"Dr BR Ambedkar Station, Vidhana Soudha",38
Pattanagere,Goraguntepalya,50
Pattanagere,Halasuru,45
Pattanagere,Indiranagar,50
Pattanagere,Jalahalli,58
Pattanagere,Jaya Prakash Nagar,52
Pattanagere,Jayanagar,45
Pattanagere,Jnanabharathi,10
Pattanagere,Kengeri,15
Pattanagere,Kengeri Bus Terminal,10
Pattanagere,Konankunte Cross,58
Pattanagere,City Railway Station,32
Pattanagere,Krishna Rajendra Market,38
Pattanagere,Lalbagh Botanical Garden,42
Pattanagere,Magadi Road,30
Pattanagere,Mahakavi Kuvempu Road,40
Pattanagere,Mahalakshmi,45
Pattanagere,MG Road,42
Pattanagere,Mysuru Road,18
Pattanagere,Majestic,35
Pattanagere,Nagasandra,60
Pattanagere,National College,40
Pattanagere,Nayandahalli,15
Pattanagere,Peenya,52
Pattanagere,Peenya Industry,55
Pattanagere,Rajaji Nagar,42
Pattanagere,Rajarajeshwari Nagara,15
Pattanagere,Rashtreeya Vidyalaya Road,50
Pattanagere,Sampige Road,35
Pattanagere,Sandal Soap Factory,45
Pattanagere,Silk Institute,60
Pattanagere,Central College,35
Pattanagere,South End Circle,45
Pattanagere,Hosahalli,28
Pattanagere,Srirampura,38
Pattanagere,Swami Vivekananda Road,50
Pattanagere,Talaghattapura,60
Pattanagere,Trinity,45
Pattanagere,Vajarahalli,60
Pattanagere,Vijayanagara,25
Pattanagere,Yelachenahalli,55
Pattanagere,Yeshwanthpur,50
Peenya,Attiguppe,40
Peenya,Baiyappanahalli,50
Peenya,Banashankari,45
Peenya,Chickpete,30
Peenya,Cubbon Park (Sri Chamarajendra Park),35
Peenya,Dasarahalli,15
Peenya,Deepanjali Nagara,42
Peenya,Doddakallasandra,55
Peenya,"Dr BR Ambedkar Station, Vidhana Soudha",35
Peenya,Goraguntepalya,10
Peenya,Halasuru,42
Peenya,Indiranagar,45
Peenya,Jalahalli,15
Peenya,Jaya Prakash Nagar,50
Peenya,Jayanagar,42
Peenya,Jnanabharathi,50
Peenya,Kengeri,58
Peenya,Kengeri Bus Terminal,55
Peenya,Konankunte Cross,52
Peenya,City Railway Station,32
Peenya,Krishna Rajendra Market,35
Peenya,Lalbagh Botanical Garden,38
Peenya,Magadi Road,35
Peenya,Mahakavi Kuvempu Road,22
Peenya,Mahalakshmi,18
Peenya,MG Road,38
Peenya,Mysuru Road,45
Peenya,Majestic,30
Peenya,Nagasandra,18
Peenya,National College,35
Peenya,Nayandahalli,45
Peenya,Pattanagere,52
Peenya,Peenya Industry,10
Peenya,Rajaji Nagar,20
Peenya,Rajarajeshwari Nagara,50
Peenya,Rashtreeya Vidyalaya Road,45
Peenya,Sampige Road,28
Peenya,Sandal Soap Factory,15
Peenya,Silk Institute,60
Peenya,Central College,30
Peenya,South End Circle,40
Peenya,Hosahalli,35
Peenya,Srirampura,25
Peenya,Swami Vivekananda Road,45
Peenya,Talaghattapura,60
Peenya,Trinity,40
Peenya,Vajarahalli,58
Peenya,Vijayanagara,38
Peenya,Yelachenahalli,50
Peenya,Yeshwanthpur,15
Yeshwanthpur,Attiguppe,35
Yeshwanthpur,Baiyappanahalli,45
Yeshwanthpur,Banashankari,42
Yeshwanthpur,Chickpete,28
Yeshwanthpur,Cubbon Park (Sri Chamarajendra Park),30
Yeshwanthpur,Dasarahalli,20
Yeshwanthpur,Deepanjali Nagara,38
Yeshwanthpur,Doddakallasandra,50
Yeshwanthpur,"Dr BR Ambedkar Station, Vidhana Soudha",30
Yeshwanthpur,Goraguntepalya,10
Yeshwanthpur,Halasuru,38
Yeshwanthpur,Indiranagar,40
Yeshwanthpur,Jalahalli,18
Yeshwanthpur,Jaya Prakash Nagar,45
Yeshwanthpur,Jayanagar,38
Yeshwanthpur,Jnanabharathi,45
Yeshwanthpur,Kengeri,52
Yeshwanthpur,Kengeri Bus Terminal,50
Yeshwanthpur,Konankunte Cross,50
Yeshwanthpur,City Railway Station,25
Yeshwanthpur,Krishna Rajendra Market,30
Yeshwanthpur,Lalbagh Botanical Garden,35
Yeshwanthpur,Magadi Road,30
Yeshwanthpur,Mahakavi Kuvempu Road,18
Yeshwanthpur,Mahalakshmi,15
Yeshwanthpur,MG Road,35
Yeshwanthpur,Mysuru Road,40
Yeshwanthpur,Majestic,25
Yeshwanthpur,Nagasandra,22
Yeshwanthpur,National College,30
Yeshwanthpur,Nayandahalli,42
Yeshwanthpur,Pattanagere,50
Yeshwanthpur,Peenya,15
Yeshwanthpur,Peenya Industry,15
Yeshwanthpur,Rajaji Nagar,15
Yeshwanthpur,Rajarajeshwari Nagara,45
Yeshwanthpur,Rashtreeya Vidyalaya Road,40
Yeshwanthpur,Sampige Road,22
Yeshwanthpur,Sandal Soap Factory,10
Yeshwanthpur,Silk Institute,58
Yeshwanthpur,Central College,28
Yeshwanthpur,South End Circle,35
Yeshwanthpur,Hosahalli,30
Yeshwanthpur,Srirampura,20
Yeshwanthpur,Swami Vivekananda Road,42
Yeshwanthpur,Talaghattapura,55
Yeshwanthpur,Trinity,35
Yeshwanthpur,Vajarahalli,52
Yeshwanthpur,Vijayanagara,35
Yeshwanthpur,Yelachenahalli,45
Yelachenahalli,Attiguppe,42
Yelachenahalli,Baiyappanahalli,50
Yelachenahalli,Banashankari,15
Yelachenahalli,Chickpete,30
Yelachenahalli,Cubbon Park (Sri Chamarajendra Park),38
Yelachenahalli,Dasarahalli,58
Yelachenahalli,Deepanjali Nagara,45
Yelachenahalli,Doddakallasandra,15
Yelachenahalli,"Dr BR Ambedkar Station, Vidhana Soudha",35
Yelachenahalli,Goraguntepalya,50
Yelachenahalli,Halasuru,45
Yelachenahalli,Indiranagar,45
Yelachenahalli,Jalahalli,55
Yelachenahalli,Jaya Prakash Nagar,10
Yelachenahalli,Jayanagar,18
Yelachenahalli,Jnanabharathi,52
Yelachenahalli,Kengeri,60
Yelachenahalli,Kengeri Bus Terminal,58
Yelachenahalli,Konankunte Cross,10
Yelachenahalli,City Railway Station,32
Yelachenahalli,Krishna Rajendra Market,28
Yelachenahalli,Lalbagh Botanical Garden,22
Yelachenahalli,Magadi Road,35
Yelachenahalli,Mahakavi Kuvempu Road,38
Yelachenahalli,Mahalakshmi,42
Yelachenahalli,MG Road,40
Yelachenahalli,Mysuru Road,45
Yelachenahalli,Majestic,30
Yelachenahalli,Nagasandra,60
Yelachenahalli,National College,25
Yelachenahalli,Nayandahalli,50
Yelachenahalli,Pattanagere,55
Yelachenahalli,Peenya,50
Yelachenahalli,Peenya Industry,52
Yelachenahalli,Rajaji Nagar,40
Yelachenahalli,Rajarajeshwari Nagara,50
Yelachenahalli,Rashtreeya Vidyalaya Road,15
Yelachenahalli,Sampige Road,35
Yelachenahalli,Sandal Soap Factory,45
Yelachenahalli,Silk Institute,20
Yelachenahalli,Central College,35
Yelachenahalli,South End Circle,20
Yelachenahalli,Hosahalli,38
Yelachenahalli,Srirampura,35
Yelachenahalli,Swami Vivekananda Road,50
Yelachenahalli,Talaghattapura,18
Yelachenahalli,Trinity,42
Yelachenahalli,Vajarahalli,15
Yelachenahalli,Vijayanagara,40
Yelachenahalli,Yeshwanthpur,45
Vijayanagara,Attiguppe,10
Vijayanagara,Baiyappanahalli,38
Vijayanagara,Banashankari,35
Vijayanagara,Chickpete,20
Vijayanagara,Cubbon Park (Sri Chamarajendra Park),25
Vijayanagara,Dasarahalli,45
Vijayanagara,Deepanjali Nagara,15
Vijayanagara,Doddakallasandra,45
Vijayanagara,"Dr BR Ambedkar Station, Vidhana Soudha",22
Vijayanagara,Goraguntepalya,35
Vijayanagara,Halasuru,30
Vijayanagara,Indiranagar,35
Vijayanagara,Jalahalli,42
Vijayanagara,Jaya Prakash Nagar,38
Vijayanagara,Jayanagar,30
Vijayanagara,Jnanabharathi,22
Vijayanagara,Kengeri,30
Vijayanagara,Kengeri Bus Terminal,28
Vijayanagara,Konankunte Cross,42
Vijayanagara,City Railway Station,16
Vijayanagara,Krishna Rajendra Market,22
Vijayanagara,Lalbagh Botanical Garden,28
Vijayanagara,Magadi Road,15
Vijayanagara,Mahakavi Kuvempu Road,25
Vijayanagara,Mahalakshmi,30
Vijayanagara,MG Road,28
Vijayanagara,Mysuru Road,15
Vijayanagara,Majestic,18
Vijayanagara,Nagasandra,45
Vijayanagara,National College,25
Vijayanagara,Nayandahalli,18
Vijayanagara,Pattanagere,25
Vijayanagara,Peenya,38
Vijayanagara,Peenya Industry,40
Vijayanagara,Rajaji Nagar,28
Vijayanagara,Rajarajeshwari Nagara,20
Vijayanagara,Rashtreeya Vidyalaya Road,35
Vijayanagara,Sampige Road,20
Vijayanagara,Sandal Soap Factory,30
Vijayanagara,Silk Institute,50
Vijayanagara,Central College,20
Vijayanagara,South End Circle,30
Vijayanagara,Hosahalli,10
Vijayanagara,Srirampura,22
Vijayanagara,Swami Vivekananda Road,35
Vijayanagara,Talaghattapura,50
Vijayanagara,Trinity,30
Vijayanagara,Vajarahalli,45
Vijayanagara,Yelachenahalli,40
Vijayanagara,Yeshwanthpur,35
Vajarahalli,Attiguppe,50
Vajarahalli,Baiyappanahalli,58
Vajarahalli,Banashankari,20
Vajarahalli,Chickpete,35
Vajarahalli,Cubbon Park (Sri Chamarajendra Park),45
Vajarahalli,Dasarahalli,60
Vajarahalli,Deepanjali Nagara,50
Vajarahalli,Doddakallasandra,10
Vajarahalli,"Dr BR Ambedkar Station, Vidhana Soudha",42
Vajarahalli,Goraguntepalya,55
Vajarahalli,Halasuru,50
Vajarahalli,Indiranagar,52
Vajarahalli,Jalahalli,60
Vajarahalli,Jaya Prakash Nagar,18
Vajarahalli,Jayanagar,25
Vajarahalli,Jnanabharathi,60
Vajarahalli,Kengeri,60
Vajarahalli,Kengeri Bus Terminal,60
Vajarahalli,Konankunte Cross,15
Vajarahalli,City Railway Station,40
Vajarahalli,Krishna Rajendra Market,35
Vajarahalli,Lalbagh Botanical Garden,30
Vajarahalli,Magadi Road,42
Vajarahalli,Mahakavi Kuvempu Road,45
Vajarahalli,Mahalakshmi,50
Vajarahalli,MG Road,45
Vajarahalli,Mysuru Road,52
Vajarahalli,Majestic,38
Vajarahalli,Nagasandra,60
Vajarahalli,National College,30
Vajarahalli,Nayandahalli,55
Vajarahalli,Pattanagere,60
Vajarahalli,Peenya,58
Vajarahalli,Peenya Industry,60
Vajarahalli,Rajaji Nagar,45
Vajarahalli,Rajarajeshwari Nagara,58
Vajarahalli,Rashtreeya Vidyalaya Road,22
Vajarahalli,Sampige Road,40
Vajarahalli,Sandal Soap Factory,50
Vajarahalli,Silk Institute,15
Vajarahalli,Central College,40
Vajarahalli,South End Circle,28
Vajarahalli,Hosahalli,45
Vajarahalli,Srirampura,42
Vajarahalli,Swami Vivekananda Road,55
Vajarahalli,Talaghattapura,10
Vajarahalli,Trinity,50
Vajarahalli,Vijayanagara,45
Vajarahalli,Yelachenahalli,15
Vajarahalli,Yeshwanthpur,52
Trinity,Attiguppe,30
Trinity,Baiyappanahalli,18
Trinity,Banashankari,38
Trinity,Chickpete,22
Trinity,Cubbon Park (Sri Chamarajendra Park),15
Trinity,Dasarahalli,45
Trinity,Deepanjali Nagara,35
Trinity,Doddakallasandra,45
Trinity,"Dr BR Ambedkar Station, Vidhana Soudha",15
Trinity,Goraguntepalya,38
Trinity,Halasuru,10
Trinity,Indiranagar,15
Trinity,Jalahalli,45
Trinity,Jaya Prakash Nagar,40
Trinity,Jayanagar,35
Trinity,Jnanabharathi,42
Trinity,Kengeri,50
Trinity,Kengeri Bus Terminal,45
Trinity,Konankunte Cross,45
Trinity,City Railway Station,22
Trinity,Krishna Rajendra Market,25
Trinity,Lalbagh Botanical Garden,30
Trinity,Magadi Road,25
Trinity,Mahakavi Kuvempu Road,28
Trinity,Mahalakshmi,30
Trinity,MG Road,10
Trinity,Mysuru Road,35
Trinity,Majestic,20
Trinity,Nagasandra,50
Trinity,National College,28
Trinity,Nayandahalli,38
Trinity,Pattanagere,45
Trinity,Peenya,40
Trinity,Peenya Industry,42
Trinity,Rajaji Nagar,30
Trinity,Rajarajeshwari Nagara,40
Trinity,Rashtreeya Vidyalaya Road,35
Trinity,Sampige Road,22
Trinity,Sandal Soap Factory,35
Trinity,Silk Institute,52
Trinity,Central College,18
Trinity,South End Circle,30
Trinity,Hosahalli,28
Trinity,Srirampura,25
Trinity,Swami Vivekananda Road,15
Trinity,Talaghattapura,50
Trinity,Vajarahalli,50
Trinity,Vijayanagara,30
Trinity,Yelachenahalli,42
Trinity,Yeshwanthpur,35
Talaghattapura,Attiguppe,50
Talaghattapura,Baiyappanahalli,60
Talaghattapura,Banashankari,22
Talaghattapura,Chickpete,38
Talaghattapura,Cubbon Park (Sri Chamarajendra Park),45
Talaghattapura,Dasarahalli,60
Talaghattapura,Deepanjali Nagara,52
Talaghattapura,Doddakallasandra,15
Talaghattapura,"Dr BR Ambedkar Station, Vidhana Soudha",45
Talaghattapura,Goraguntepalya,58
Talaghattapura,Halasuru,52
Talaghattapura,Indiranagar,55
Talaghattapura,Jalahalli,60
Talaghattapura,Jaya Prakash Nagar,20
Talaghattapura,Jayanagar,28
Talaghattapura,Jnanabharathi,60
Talaghattapura,Kengeri,60
Talaghattapura,Kengeri Bus Terminal,60
Talaghattapura,Konankunte Cross,15
Talaghattapura,City Railway Station,42
Talaghattapura,Krishna Rajendra Market,35
Talaghattapura,Lalbagh Botanical Garden,30
Talaghattapura,Magadi Road,45
Talaghattapura,Mahakavi Kuvempu Road,45
Talaghattapura,Mahalakshmi,50
Talaghattapura,MG Road,50
Talaghattapura,Mysuru Road,55
Talaghattapura,Majestic,40
Talaghattapura,Nagasandra,60
Talaghattapura,National College,35
Talaghattapura,Nayandahalli,58
Talaghattapura,Pattanagere,60
Talaghattapura,Peenya,60
Talaghattapura,Peenya Industry,60
Talaghattapura,Rajaji Nagar,50
Talaghattapura,Rajarajeshwari Nagara,60
Talaghattapura,Rashtreeya Vidyalaya Road,25
Talaghattapura,Sampige Road,42
Talaghattapura,Sandal Soap Factory,52
Talaghattapura,Silk Institute,10
Talaghattapura,Central College,42
Talaghattapura,South End Circle,30
Talaghattapura,Hosahalli,45
Talaghattapura,Srirampura,45
Talaghattapura,Swami Vivekananda Road,58
Talaghattapura,Trinity,50
Talaghattapura,Vajarahalli,18
Talaghattapura,Vijayanagara,50
Talaghattapura,Yelachenahalli,18
Talaghattapura,Yeshwanthpur,55
Swami Vivekananda Road,Attiguppe,38
Swami Vivekananda Road,Baiyappanahalli,10
Swami Vivekananda Road,Banashankari,45
Swami Vivekananda Road,Chickpete,30
Swami Vivekananda Road,Cubbon Park (Sri Chamarajendra Park),20
Swami Vivekananda Road,Dasarahalli,52
Swami Vivekananda Road,Deepanjali Nagara,40
Swami Vivekananda Road,Doddakallasandra,52
Swami Vivekananda Road,"Dr BR Ambedkar Station, Vidhana Soudha",22
Swami Vivekananda Road,Goraguntepalya,45
Swami Vivekananda Road,Halasuru,15
Swami Vivekananda Road,Indiranagar,10
Swami Vivekananda Road,Jalahalli,50
Swami Vivekananda Road,Jaya Prakash Nagar,45
Swami Vivekananda Road,Jayanagar,40
Swami Vivekananda Road,Jnanabharathi,50
Swami Vivekananda Road,Kengeri,55
Swami Vivekananda Road,Kengeri Bus Terminal,52
Swami Vivekananda Road,Konankunte Cross,50
Swami Vivekananda Road,City Railway Station,28
Swami Vivekananda Road,Krishna Rajendra Market,30
Swami Vivekananda Road,Lalbagh Botanical Garden,35
Swami Vivekananda Road,Magadi Road,30
Swami Vivekananda Road,Mahakavi Kuvempu Road,35
Swami Vivekananda Road,Mahalakshmi,38
Swami Vivekananda Road,MG Road,18
Swami Vivekananda Road,Mysuru Road,42
Swami Vivekananda Road,Majestic,28
Swami Vivekananda Road,Nagasandra,55
Swami Vivekananda Road,National College,35
Swami Vivekananda Road,Nayandahalli,45
Swami Vivekananda Road,Pattanagere,50
Swami Vivekananda Road,Peenya,45
Swami Vivekananda Road,Peenya Industry,50
Swami Vivekananda Road,Rajaji Nagar,35
Swami Vivekananda Road,Rajarajeshwari Nagara,45
Swami Vivekananda Road,Rashtreeya Vidyalaya Road,42
Swami Vivekananda Road,Sampige Road,30
Swami Vivekananda Road,Sandal Soap Factory,40
Swami Vivekananda Road,Silk Institute,60
Swami Vivekananda Road,Central College,25
Swami Vivekananda Road,South End Circle,38
Swami Vivekananda Road,Hosahalli,35
Swami Vivekananda Road,Srirampura,30
Swami Vivekananda Road,Talaghattapura,58
Swami Vivekananda Road,Trinity,15
Swami Vivekananda Road,Vajarahalli,55
Swami Vivekananda Road,Vijayanagara,35
Swami Vivekananda Road,Yelachenahalli,50
Swami Vivekananda Road,Yeshwanthpur,42
Srirampura,Attiguppe,25
Srirampura,Baiyappanahalli,35
Srirampura,Banashankari,30
Srirampura,Chickpete,15
Srirampura,Cubbon Park (Sri Chamarajendra Park),20
Srirampura,Dasarahalli,30
Srirampura,Deepanjali Nagara,28
Srirampura,Doddakallasandra,40
Srirampura,"Dr BR Ambedkar Station, Vidhana Soudha",18
Srirampura,Goraguntepalya,22
Srirampura,Halasuru,28
Srirampura,Indiranagar,30
Srirampura,Jalahalli,30
Srirampura,Jaya Prakash Nagar,35
Srirampura,Jayanagar,28
Srirampura,Jnanabharathi,35
Srirampura,Kengeri,42
Srirampura,Kengeri Bus Terminal,40
Srirampura,Konankunte Cross,38
Srirampura,City Railway Station,16
Srirampura,Krishna Rajendra Market,18
Srirampura,Lalbagh Botanical Garden,22
Srirampura,Magadi Road,18
Srirampura,Mahakavi Kuvempu Road,10
Srirampura,Mahalakshmi,15
Srirampura,MG Road,22
Srirampura,Mysuru Road,30
Srirampura,Majestic,15
Srirampura,Nagasandra,35
Srirampura,National College,20
Srirampura,Nayandahalli,30
Srirampura,Pattanagere,38
Srirampura,Peenya,25
Srirampura,Peenya Industry,28
Srirampura,Rajaji Nagar,15
Srirampura,Rajarajeshwari Nagara,35
Srirampura,Rashtreeya Vidyalaya Road,30
Srirampura,Sampige Road,10
Srirampura,Sandal Soap Factory,18
Srirampura,Silk Institute,45
Srirampura,Central College,15
Srirampura,South End Circle,25
Srirampura,Hosahalli,20
Srirampura,Swami Vivekananda Road,10
Srirampura,Talaghattapura,45
Srirampura,Trinity,25
Srirampura,Vajarahalli,42
Srirampura,Vijayanagara,22
Srirampura,Yelachenahalli,35
Srirampura,Yeshwanthpur,20
Hosahalli,Attiguppe,15
Hosahalli,Baiyappanahalli,35
Hosahalli,Banashankari,35
Hosahalli,Chickpete,18
Hosahalli,Cubbon Park (Sri Chamarajendra Park),22
Hosahalli,Dasarahalli,42
Hosahalli,Deepanjali Nagara,15
Hosahalli,Doddakallasandra,42
Hosahalli,"Dr BR Ambedkar Station, Vidhana Soudha",20
Hosahalli,Goraguntepalya,35
Hosahalli,Halasuru,30
Hosahalli,Indiranagar,30
Hosahalli,Jalahalli,40
Hosahalli,Jaya Prakash Nagar,35
Hosahalli,Jayanagar,30
Hosahalli,Jnanabharathi,25
Hosahalli,Kengeri,30
Hosahalli,Kengeri Bus Terminal,30
Hosahalli,Konankunte Cross,40
Hosahalli,City Railway Station,12
Hosahalli,Krishna Rajendra Market,20
Hosahalli,Lalbagh Botanical Garden,25
Hosahalli,Magadi Road,10
Hosahalli,Mahakavi Kuvempu Road,22
Hosahalli,Mahalakshmi,28
Hosahalli,MG Road,25
Hosahalli,Mysuru Road,18
Hosahalli,Majestic,15
Hosahalli,Nagasandra,45
Hosahalli,National College,22
Hosahalli,Nayandahalli,20
Hosahalli,Pattanagere,28
Hosahalli,Peenya,35
Hosahalli,Peenya Industry,38
Hosahalli,Rajaji Nagar,25
Hosahalli,Rajarajeshwari Nagara,22
Hosahalli,Rashtreeya Vidyalaya Road,30
Hosahalli,Sampige Road,18
Hosahalli,Sandal Soap Factory,30
Hosahalli,Silk Institute,50
Hosahalli,Central College,18
Hosahalli,South End Circle,28
Hosahalli,Srirampura,20
Hosahalli,Swami Vivekananda Road,35
Hosahalli,Talaghattapura,45
Hosahalli,Trinity,28
Hosahalli,Vajarahalli,45
Hosahalli,Vijayanagara,10
Hosahalli,Yelachenahalli,38
Hosahalli,Yeshwanthpur,30
South End Circle,Attiguppe,30
South End Circle,Baiyappanahalli,40
South End Circle,Banashankari,15
South End Circle,Chickpete,18
South End Circle,Cubbon Park (Sri Chamarajendra Park),28
South End Circle,Dasarahalli,45
South End Circle,Deepanjali Nagara,35
South End Circle,Doddakallasandra,25
South End Circle,"Dr BR Ambedkar Station, Vidhana Soudha",25
South End Circle,Goraguntepalya,38
South End Circle,Halasuru,35
South End Circle,Indiranagar,35
South End Circle,Jalahalli,45
South End Circle,Jaya Prakash Nagar,18
South End Circle,Jayanagar,10
South End Circle,Jnanabharathi,42
South End Circle,Kengeri,50
South End Circle,Kengeri Bus Terminal,45
South End Circle,Konankunte Cross,22
South End Circle,City Railway Station,22
South End Circle,Krishna Rajendra Market,15
South End Circle,Lalbagh Botanical Garden,10
South End Circle,Magadi Road,25
South End Circle,Mahakavi Kuvempu Road,28
South End Circle,Mahalakshmi,30
South End Circle,MG Road,30
South End Circle,Mysuru Road,35
South End Circle,Majestic,20
South End Circle,Nagasandra,50
South End Circle,National College,15
South End Circle,Nayandahalli,38
South End Circle,Pattanagere,45
South End Circle,Peenya,40
South End Circle,Peenya Industry,42
South End Circle,Rajaji Nagar,30
South End Circle,Rajarajeshwari Nagara,40
South End Circle,Rashtreeya Vidyalaya Road,15
South End Circle,Sampige Road,22
South End Circle,Sandal Soap Factory,35
South End Circle,Silk Institute,30
South End Circle,Central College,22
South End Circle,Hosahalli,28
South End Circle,Srirampura,25
South End Circle,Swami Vivekananda Road,38
South End Circle,Talaghattapura,30
South End Circle,Trinity,30
South End Circle,Vajarahalli,28
South End Circle,Vijayanagara,30
South End Circle,Yelachenahalli,20
South End Circle,Yeshwanthpur,35
Central College,Attiguppe,22
Central College,Baiyappanahalli,28
Central College,Banashankari,30
Central College,Chickpete,15
Central College,Cubbon Park (Sri Chamarajendra Park),15
Central College,Dasarahalli,38
Central College,Deepanjali Nagara,25
Central College,Doddakallasandra,38
Central College,"Dr BR Ambedkar Station, Vidhana Soudha",10
Central College,Goraguntepalya,30
Central College,Halasuru,20
Central College,Indiranagar,22
Central College,Jalahalli,35
Central College,Jaya Prakash Nagar,30
Central College,Jayanagar,25
Central College,Jnanabharathi,35
Central College,Kengeri,40
Central College,Kengeri Bus Terminal,38
Central College,Konankunte Cross,35
Central College,City Railway Station,12
Central College,Krishna Rajendra Market,15
Central College,Lalbagh Botanical Garden,20
Central College,Magadi Road,15
Central College,Mahakavi Kuvempu Road,18
Central College,Mahalakshmi,22
Central College,MG Road,15
Central College,Mysuru Road,28
Central College,Majestic,10
Central College,Nagasandra,40
Central College,National College,18
Central College,Nayandahalli,30
Central College,Pattanagere,35
Central College,Peenya,30
Central College,Peenya Industry,35
Central College,Rajaji Nagar,20
Central College,Rajarajeshwari Nagara,30
Central College,Rashtreeya Vidyalaya Road,28
Central College,Sampige Road,15
Central College,Sandal Soap Factory,25
Central College,Silk Institute,45
Central College,South End Circle,22
Central College,Hosahalli,18
Central College,Srirampura,15
Central College,Swami Vivekananda Road,25
Central College,Talaghattapura,42
Central College,Trinity,18
Central College,Vajarahalli,40
Central College,Vijayanagara,20
Central College,Yelachenahalli,35
Central College,Yeshwanthpur,28
Silk Institute,Attiguppe,52
Silk Institute,Baiyappanahalli,60
Silk Institute,Banashankari,25
Silk Institute,Chickpete,40
Silk Institute,Cubbon Park (Sri Chamarajendra Park),50
Silk Institute,Dasarahalli,60
Silk Institute,Deepanjali Nagara,55
Silk Institute,Doddakallasandra,15
Silk Institute,"Dr BR Ambedkar Station, Vidhana Soudha",45
Silk Institute,Goraguntepalya,60
Silk Institute,Halasuru,55
Silk Institute,Indiranagar,58
Silk Institute,Jalahalli,60
Silk Institute,Jaya Prakash Nagar,22
Silk Institute,Jayanagar,30
Silk Institute,Jnanabharathi,60
Silk Institute,Kengeri,60
Silk Institute,Kengeri Bus Terminal,60
Silk Institute,Konankunte Cross,18
Silk Institute,City Railway Station,42
Silk Institute,Krishna Rajendra Market,38
Silk Institute,Lalbagh Botanical Garden,35
Silk Institute,Magadi Road,45
Silk Institute,Mahakavi Kuvempu Road,50
Silk Institute,Mahalakshmi,52
Silk Institute,MG Road,50
Silk Institute,Mysuru Road,58
Silk Institute,Majestic,42
Silk Institute,Nagasandra,60
Silk Institute,National College,35
Silk Institute,Nayandahalli,60
Silk Institute,Pattanagere,60
Silk Institute,Peenya,60
Silk Institute,Peenya Industry,60
Silk Institute,Rajaji Nagar,50
Silk Institute,Rajarajeshwari Nagara,60
Silk Institute,Rashtreeya Vidyalaya Road,28
Silk Institute,Sampige Road,45
Silk Institute,Sandal Soap Factory,55
Silk Institute,Central College,45
Silk Institute,South End Circle,30
Silk Institute,Hosahalli,50
Silk Institute,Srirampura,45
Silk Institute,Swami Vivekananda Road,60
Silk Institute,Talaghattapura,10
Silk Institute,Trinity,52
Silk Institute,Vajarahalli,15
Silk Institute,Vijayanagara,50
Silk Institute,Yelachenahalli,20
Silk Institute,Yeshwanthpur,58
Sandal Soap Factory,Attiguppe,35
Sandal Soap Factory,Baiyappanahalli,42
Sandal Soap Factory,Banashankari,40
Sandal Soap Factory,Chickpete,25
Sandal Soap Factory,Cubbon Park (Sri Chamarajendra Park),30
Sandal Soap Factory,Dasarahalli,22
Sandal Soap Factory,Deepanjali Nagara,35
Sandal Soap Factory,Doddakallasandra,50
Sandal Soap Factory,"Dr BR Ambedkar Station, Vidhana Soudha",28
Sandal Soap Factory,Goraguntepalya,15
Sandal Soap Factory,Halasuru,35
Sandal Soap Factory,Indiranagar,38
Sandal Soap Factory,Jalahalli,20
Sandal Soap Factory,Jaya Prakash Nagar,42
Sandal Soap Factory,Jayanagar,35
Sandal Soap Factory,Jnanabharathi,45
Sandal Soap Factory,Kengeri,50
Sandal Soap Factory,Kengeri Bus Terminal,50
Sandal Soap Factory,Konankunte Cross,45
Sandal Soap Factory,City Railway Station,25
Sandal Soap Factory,Krishna Rajendra Market,28
Sandal Soap Factory,Lalbagh Botanical Garden,30
Sandal Soap Factory,Magadi Road,28
Sandal Soap Factory,Mahakavi Kuvempu Road,15
Sandal Soap Factory,Mahalakshmi,10
Sandal Soap Factory,MG Road,30
Sandal Soap Factory,Mysuru Road,38
Sandal Soap Factory,Majestic,22
Sandal Soap Factory,Nagasandra,25
Sandal Soap Factory,National College,30
Sandal Soap Factory,Nayandahalli,40
Sandal Soap Factory,Pattanagere,45
Sandal Soap Factory,Peenya,15
Sandal Soap Factory,Peenya Industry,18
Sandal Soap Factory,Rajaji Nagar,15
Sandal Soap Factory,Rajarajeshwari Nagara,42
Sandal Soap Factory,Rashtreeya Vidyalaya Road,38
Sandal Soap Factory,Sampige Road,20
Sandal Soap Factory,Silk Institute,55
Sandal Soap Factory,Central College,25
Sandal Soap Factory,South End Circle,35
Sandal Soap Factory,Hosahalli,30
Sandal Soap Factory,Srirampura,18
Sandal Soap Factory,Swami Vivekananda Road,40
Sandal Soap Factory,Talaghattapura,52
Sandal Soap Factory,Trinity,35
Sandal Soap Factory,Vajarahalli,50
Sandal Soap Factory,Vijayanagara,30
Sandal Soap Factory,Yelachenahalli,45
Sandal Soap Factory,Yeshwanthpur,10
Sampige Road,Attiguppe,22
Sampige Road,Baiyappanahalli,30
Sampige Road,Banashankari,30
Sampige Road,Chickpete,15
Sampige Road,Cubbon Park (Sri Chamarajendra Park),18
Sampige Road,Dasarahalli,35
Sampige Road,Deepanjali Nagara,25
Sampige Road,Doddakallasandra,38
Sampige Road,"Dr BR Ambedkar Station, Vidhana Soudha",15
Sampige Road,Goraguntepalya,25
Sampige Road,Halasuru,25
Sampige Road,Indiranagar,28
Sampige Road,Jalahalli,30
Sampige Road,Jaya Prakash Nagar,30
Sampige Road,Jayanagar,25
Sampige Road,Jnanabharathi,35
Sampige Road,Kengeri,40
Sampige Road,Kengeri Bus Terminal,38
Sampige Road,Konankunte Cross,35
Sampige Road,City Railway Station,12
Sampige Road,Krishna Rajendra Market,15
Sampige Road,Lalbagh Botanical Garden,20
Sampige Road,Magadi Road,15
Sampige Road,Mahakavi Kuvempu Road,15
Sampige Road,Mahalakshmi,18
Sampige Road,MG Road,20
Sampige Road,Mysuru Road,28
Sampige Road,Majestic,10
Sampige Road,Nagasandra,35
Sampige Road,National College,18
Sampige Road,Nayandahalli,30
Sampige Road,Pattanagere,35
Sampige Road,Peenya,28
Sampige Road,Peenya Industry,30
Sampige Road,Rajaji Nagar,15
Sampige Road,Rajarajeshwari Nagara,30
Sampige Road,Rashtreeya Vidyalaya Road,28
Sampige Road,Sandal Soap Factory,20
Sampige Road,Silk Institute,45
Sampige Road,Central College,15
Sampige Road,South End Circle,22
Sampige Road,Hosahalli,18
Sampige Road,Srirampura,10
Sampige Road,Swami Vivekananda Road,30
Sampige Road,Talaghattapura,42
Sampige Road,Trinity,22
Sampige Road,Vajarahalli,40
Sampige Road,Vijayanagara,20
Sampige Road,Yelachenahalli,35
Sampige Road,Yeshwanthpur,22
Rashtreeya Vidyalaya Road,Attiguppe,35
Rashtreeya Vidyalaya Road,Baiyappanahalli,45
Rashtreeya Vidyalaya Road,Banashankari,10
Rashtreeya Vidyalaya Road,Chickpete,22
Rashtreeya Vidyalaya Road,Cubbon Park (Sri Chamarajendra Park),30
Rashtreeya Vidyalaya Road,Dasarahalli,50
Rashtreeya Vidyalaya Road,Deepanjali Nagara,38
Rashtreeya Vidyalaya Road,Doddakallasandra,20
Rashtreeya Vidyalaya Road,"Dr BR Ambedkar Station, Vidhana Soudha",30
Rashtreeya Vidyalaya Road,Goraguntepalya,42
Rashtreeya Vidyalaya Road,Halasuru,38
Rashtreeya Vidyalaya Road,Indiranagar,40
Rashtreeya Vidyalaya Road,Jalahalli,50
Rashtreeya Vidyalaya Road,Jaya Prakash Nagar,15
Rashtreeya Vidyalaya Road,Jayanagar,10
Rashtreeya Vidyalaya Road,Jnanabharathi,45
Rashtreeya Vidyalaya Road,Kengeri,52
Rashtreeya Vidyalaya Road,Kengeri Bus Terminal,50
Rashtreeya Vidyalaya Road,Konankunte Cross,18
Rashtreeya Vidyalaya Road,City Railway Station,12
Rashtreeya Vidyalaya Road,Krishna Rajendra Market,20
Rashtreeya Vidyalaya Road,Lalbagh Botanical Garden,15
Rashtreeya Vidyalaya Road,Magadi Road,30
Rashtreeya Vidyalaya Road,Mahakavi Kuvempu Road,30
Rashtreeya Vidyalaya Road,Mahalakshmi,35
Rashtreeya Vidyalaya Road,MG Road,35
Rashtreeya Vidyalaya Road,Mysuru Road,40
Rashtreeya Vidyalaya Road,Majestic,25
Rashtreeya Vidyalaya Road,Nagasandra,52
Rashtreeya Vidyalaya Road,National College,18
Rashtreeya Vidyalaya Road,Nayandahalli,42
Rashtreeya Vidyalaya Road,Pattanagere,50
Rashtreeya Vidyalaya Road,Peenya,45
Rashtreeya Vidyalaya Road,Peenya Industry,45
Rashtreeya Vidyalaya Road,Rajaji Nagar,35
Rashtreeya Vidyalaya Road,Rajarajeshwari Nagara,45
Rashtreeya Vidyalaya Road,Sampige Road,28
Rashtreeya Vidyalaya Road,Sandal Soap Factory,38
Rashtreeya Vidyalaya Road,Silk Institute,28
Rashtreeya Vidyalaya Road,Central College,28
Rashtreeya Vidyalaya Road,South End Circle,15
Rashtreeya Vidyalaya Road,Hosahalli,30
Rashtreeya Vidyalaya Road,Srirampura,30
Rashtreeya Vidyalaya Road,Swami Vivekananda Road,42
Rashtreeya Vidyalaya Road,Talaghattapura,25
Rashtreeya Vidyalaya Road,Trinity,35
Rashtreeya Vidyalaya Road,Vajarahalli,22
Rashtreeya Vidyalaya Road,Vijayanagara,35
Rashtreeya Vidyalaya Road,Yelachenahalli,15
Rashtreeya Vidyalaya Road,Yeshwanthpur,40
Peenya Industry,Attiguppe,42
Peenya Industry,Baiyappanahalli,50
Peenya Industry,Banashankari,50
Peenya Industry,Chickpete,35
Peenya Industry,Cubbon Park (Sri Chamarajendra Park),38
Peenya Industry,Dasarahalli,15
Peenya Industry,Deepanjali Nagara,45
Peenya Industry,Doddakallasandra,58
Peenya Industry,"Dr BR Ambedkar Station, Vidhana Soudha",35
Peenya Industry,Goraguntepalya,15
Peenya Industry,Halasuru,45
Peenya Industry,Indiranagar,45
Peenya Industry,Jalahalli,10
Peenya Industry,Jaya Prakash Nagar,50
Peenya Industry,Jayanagar,45
Peenya Industry,Jnanabharathi,52
Peenya Industry,Kengeri,60
Peenya Industry,Kengeri Bus Terminal,58
Peenya Industry,Konankunte Cross,55
Peenya Industry,City Railway Station,32
Peenya Industry,Krishna Rajendra Market,35
Peenya Industry,Lalbagh Botanical Garden,40
Peenya Industry,Magadi Road,35
Peenya Industry,Mahakavi Kuvempu Road,25
Peenya Industry,Mahalakshmi,20
Peenya Industry,MG Road,40
Peenya Industry,Mysuru Road,45
Peenya Industry,Majestic,30
Peenya Industry,Nagasandra,15
Peenya Industry,National College,38
Peenya Industry,Nayandahalli,50
Peenya Industry,Pattanagere,55
Peenya Industry,Peenya,10
Peenya Industry,Rajaji Nagar,22
Peenya Industry,Rajarajeshwari Nagara,50
Peenya Industry,Rashtreeya Vidyalaya Road,45
Peenya Industry,Sampige Road,30
Peenya Industry,Sandal Soap Factory,18
Peenya Industry,Silk Institute,60
Peenya Industry,Central College,35
Peenya Industry,South End Circle,42
Peenya Industry,Hosahalli,38
Peenya Industry,Srirampura,28
Peenya Industry,Swami Vivekananda Road,50
Peenya Industry,Talaghattapura,60
Peenya Industry,Trinity,42
Peenya Industry,Vajarahalli,60
Peenya Industry,Vijayanagara,40
Peenya Industry,Yelachenahalli,52
Peenya Industry,Yeshwanthpur,15
Rajaji Nagar,Attiguppe,30
Rajaji Nagar,Baiyappanahalli,38
Rajaji Nagar,Banashankari,35
Rajaji Nagar,Chickpete,20
Rajaji Nagar,Cubbon Park (Sri Chamarajendra Park),25
Rajaji Nagar,Dasarahalli,28
Rajaji Nagar,Deepanjali Nagara,30
Rajaji Nagar,Doddakallasandra,45
Rajaji Nagar,"Dr BR Ambedkar Station, Vidhana Soudha",22
Rajaji Nagar,Goraguntepalya,18
Rajaji Nagar,Halasuru,30
Rajaji Nagar,Indiranagar,35
Rajaji Nagar,Jalahalli,25
Rajaji Nagar,Jaya Prakash Nagar,38
Rajaji Nagar,Jayanagar,30
Rajaji Nagar,Jnanabharathi,40
Rajaji Nagar,Kengeri,45
Rajaji Nagar,Kengeri Bus Terminal,45
Rajaji Nagar,Konankunte Cross,42
Rajaji Nagar,City Railway Station,20
Rajaji Nagar,Krishna Rajendra Market,22
Rajaji Nagar,Lalbagh Botanical Garden,28
Rajaji Nagar,Magadi Road,22
Rajaji Nagar,Mahakavi Kuvempu Road,10
Rajaji Nagar,Mahalakshmi,10
Rajaji Nagar,MG Road,28
Rajaji Nagar,Mysuru Road,35
Rajaji Nagar,Majestic,18
Rajaji Nagar,Nagasandra,30
Rajaji Nagar,National College,25
Rajaji Nagar,Nayandahalli,35
Rajaji Nagar,Pattanagere,42
Rajaji Nagar,Peenya,20
Rajaji Nagar,Peenya Industry,22
Rajaji Nagar,Rajarajeshwari Nagara,38
Rajaji Nagar,Rashtreeya Vidyalaya Road,35
Rajaji Nagar,Sampige Road,15
Rajaji Nagar,Sandal Soap Factory,15
Rajaji Nagar,Silk Institute,50
Rajaji Nagar,Central College,20
Rajaji Nagar,South End Circle,30
Rajaji Nagar,Hosahalli,25
Rajaji Nagar,Srirampura,15
Rajaji Nagar,Swami Vivekananda Road,35
Rajaji Nagar,Talaghattapura,50
Rajaji Nagar,Trinity,30
Rajaji Nagar,Vajarahalli,45
Rajaji Nagar,Vijayanagara,28
Rajaji Nagar,Yelachenahalli,40
Rajaji Nagar,Yeshwanthpur,15
Rajarajeshwari Nagara,Attiguppe,18
Rajarajeshwari Nagara,Baiyappanahalli,50
Rajarajeshwari Nagara,Banashankari,45
Rajarajeshwari Nagara,Chickpete,30
Rajarajeshwari Nagara,Cubbon Park (Sri Chamarajendra Park),35
Rajarajeshwari Nagara,Dasarahalli,55
Rajarajeshwari Nagara,Deepanjali Nagara,15
Rajarajeshwari Nagara,Doddakallasandra,55
Rajarajeshwari Nagara,"Dr BR Ambedkar Station, Vidhana Soudha",35
Rajarajeshwari Nagara,Goraguntepalya,45
Rajarajeshwari Nagara,Halasuru,42
Rajarajeshwari Nagara,Indiranagar,45
Rajarajeshwari Nagara,Jalahalli,52
Rajarajeshwari Nagara,Jaya Prakash Nagar,50
Rajarajeshwari Nagara,Jayanagar,42
Rajarajeshwari Nagara,Jnanabharathi,10
Rajarajeshwari Nagara,Kengeri,18
Rajarajeshwari Nagara,Kengeri Bus Terminal,15
Rajarajeshwari Nagara,Konankunte Cross,52
Rajarajeshwari Nagara,City Railway Station,28
Rajarajeshwari Nagara,Krishna Rajendra Market,35
Rajarajeshwari Nagara,Lalbagh Botanical Garden,38
Rajarajeshwari Nagara,Magadi Road,25
Rajarajeshwari Nagara,Mahakavi Kuvempu Road,35
Rajarajeshwari Nagara,Mahalakshmi,40
Rajarajeshwari Nagara,MG Road,38
Rajarajeshwari Nagara,Mysuru Road,15
Rajarajeshwari Nagara,Majestic,30
Rajarajeshwari Nagara,Nagasandra,58
Rajarajeshwari Nagara,National College,35
Rajarajeshwari Nagara,Nayandahalli,10
Rajarajeshwari Nagara,Pattanagere,15
Rajarajeshwari Nagara,Peenya,50
Rajarajeshwari Nagara,Peenya Industry,50
Rajarajeshwari Nagara,Rajaji Nagar,38
Rajarajeshwari Nagara,Rashtreeya Vidyalaya Road,45
Rajarajeshwari Nagara,Sampige Road,30
Rajarajeshwari Nagara,Sandal Soap Factory,42
Rajarajeshwari Nagara,Silk Institute,60
Rajarajeshwari Nagara,Central College,30
Rajarajeshwari Nagara,South End Circle,40
Rajarajeshwari Nagara,Hosahalli,22
Rajarajeshwari Nagara,Srirampura,35
Rajarajeshwari Nagara,Swami Vivekananda Road,45
Rajarajeshwari Nagara,Talaghattapura,60
Rajarajeshwari Nagara,Trinity,40
Rajarajeshwari Nagara,Vajarahalli,58
Rajarajeshwari Nagara,Vijayanagara,20
Rajarajeshwari Nagara,Yelachenahalli,50
Rajarajeshwari Nagara,Yeshwanthpur,45
